종목명,개인,외국인,기관계,기관,,,,,,,기타법인
,,,,금융투자,보험,투신,은행,기타금융,연기금등,사모펀드,
CJ ENM,-21870,+10560,+10813,-1033,-223,+2377,,,-164,+9856,+540
ES큐브,-8810,+11516,,,,,,,,,
GS홈쇼핑,+2712,-1121,-1627,-1822,-9,-1076,,+1117,-277,+440,+35
KCC건설,-35921,+10493,+24600,-400,,+25000,,,,,+1030
SBI핀테크솔루션즈,-1821,+863,,,,,,,,,+642
SGC이테크건설,+289,-9181,+6335,+57,+1694,+695,,+62,+2086,+1741,+2547
SNK,+5472,-5228,,,,,,,,,-6
나우IB,-7957,+5950,,,,,,,,,+1326
미투젠,+4426,-4425,+8,+8,,,,,,,-100
소마젠(Reg.S),-11202,+11916,-252,-252,,,,,,,+97
신원종합개발,-16295,+15194,,,,,,,,,+1130
오가닉티코스메틱,-57077,+64513,,,,,,,,,+4219
윙입푸드,-10858,+8758,,,,,,,,,
유신,+2469,-2470,,,,,,,,,
잉글우드랩,-11912,+12022,-449,,,-449,,,,,+278
컬러레이,-15205,+15670,,,,,,,,,-465
코리아에셋투자증권,+161315,-3587,-155241,-155241,,,,,,,-1437
한국기업평가,+381,+186,-138,-131,,,,,+10,-17,-300
헝셩그룹,-62253,+57618,,,,,,,,,-1
APS홀딩스,-4252,+3543,,,,,,,,,+734
CNH,-32543,+27997,,,,,,,,,+4546
COWON,,,,,,,,,,,
CSA 코스믹,,,,,,,,,,,
CS,-16050,+8753,+8905,,,+8905,,,,,+3267
EDGC,-105984,+96973,+724,+246,,,,,,+478,+3159
EG,-1790,+1390,+399,+399,,,,,,,
EMB,,,,,,,,,,,
EMW,,,,,,,,,,,
GV,,,,,,,,,,,
ITX-AI,,,,,,,,,,,
JTC,+3749,-3749,,,,,,,,,
KC산업,,,,,,,,,,,
KH E&T,-20725,+20826,,,,,,,,,+500
KD,+5254,-286,,,,,,,,,-6998
KPX생명과학,+49404,-45362,,,,,,,,,-5049
KMH,+25827,-21015,,,,,,,,,-4000
MP그룹,,,,,,,,,,,
NE능률,-30245,-665,+32173,-4000,,+36173,,,,,+754
NEW,+100093,-102008,-4955,-15556,-1141,-22958,,-430,+35130,,+7073
OQP,,,,,,,,,,,
SGA,-128735,+105467,,,,,,,,,+22221
SGA클라우드서비스,,,,,,,,,,,
SGA솔루션즈,+34561,-35337,,,,,,,,,
SK4호스팩,+35255,,,,,,,,,,-35255
THE MIDONG,-1715,+1715,,,,,,,,,
THQ,+11041,-12603,,,,,,,,,+1000
TS인베스트먼트,+171362,-60027,-101000,,,-10000,,,,-91000,-28296
UCI,,,,,,,,,,,
감성코퍼레이션,-225138,+298378,,,,,,,,,-74058
강스템바이오텍,-21871,+26788,-4998,+2,,,,,,-5000,
강원,,,,,,,,,,,
게임빌,+484,-1044,+111,+118,-7,,,,,,+551
경남제약헬스케어,,,,,,,,,,,
경창산업,+44068,-44029,,,,,,,,,-4
골드앤에스,,,,,,,,,,,
골드퍼시픽,-186317,+166752,,,,,,,,,+21286
골든센츄리,-2438,-147961,,,,,,,,,+62660
골프존데카,,,,,,,,,,,
관악산업,+30,,,,,,,,,,-30
광림,+12224,+879,,,,,,,,,-7762
광진실업,+1902,-1902,,,,,,,,,
교보9호스팩,-46,,+46,+10,,,,,,+36,
구영테크,+72695,-75013,,,,,,,,,
국순당,+8723,-8662,,,,,,,,,
국일제지,-216392,+233681,-44490,-44260,,,,,+1090,-1320,+9494
굿센,,,,,,,,,,,
글로벌에스엠,+13865,-16328,,,,,,,,,
글로본,+31974,-31974,,,,,,,,,
기가레인,+15994,-19378,+382,+382,,,,,,,+3000
나노브릭,+2710,-1311,,,,,,,,,-2010
나노스,-150207,+169882,+120,+120,,,,,,,+15905
나눔테크,,,,,,,,,,,
나라소프트,,,,,,,,,,,
나우코스,,,,,,,,,,,
나이벡,+89938,-40121,-30226,-5,,-3694,,,,-26527,-19700
내츄럴엔도텍,,,,,,,,,,,
네오이뮨텍(Reg.S),-96111,+11355,+111179,,,-626,,,+111805,,-24330
네오펙트,+30451,-27406,,,,,,,,,
네온테크,-6462,+11985,,,,,,,,,-6920
네이블,-388,+388,,,,,,,,,
네이처셀,-30368,+24486,+84,+212,,,,,+600,-728,+5697
네추럴FNP,,,,,,,,,,,
넥스트BT,-12283,+18613,-2,-2,,,,,,,+14346
넵튠,-1060,-1408,+1995,+1995,,,,,,,+454
넷게임즈,-1890,-2377,+279,+279,,,,,,,+3888
노드메이슨,,,,,,,,,,,
노브메타파마,,,,,,,,,,,
녹십자엠에스,-31625,+31911,,,,,,,,,-602
녹원씨엔아이,,,,,,,,,,,
누리플랜,+3567,-3507,-60,-60,,,,,,,
뉴로스,,,,,,,,,,,
뉴지랩파마,-15205,+9842,+2082,+2082,,,,,,,+3141
뉴프라이드,,,,,,,,,,,
뉴프렉스,-32214,+32271,,,,,,,,,
다원넥스뷰,,,,,,,,,,,
다이노나,-57000,,-3000,,,,,,,-3000,+60000
다이오진,,,,,,,,,,,
단디바이오,,,,,,,,,,,
대동고려삼,,,,,,,,,,,
대동금속,-91,+475,-624,-512,,,,,,-112,
대동기어,-2799,+4958,-2677,-2194,,,,,,-483,+83
대성엘텍,-73287,+73572,+3,+3,,,,,,,-2500
대양제지,,,,,,,,,,,
대원미디어,-1194,+214,+153,+153,,,,,,,+1033
대주이엔티,,,,,,,,,,,
대창솔루션,-442685,+455760,,,,,,,,,-1000
대창스틸,+13467,-13895,,,,,,,,,+115
대한그린파워,+295990,-294897,,,,,,,,,-10
대호특수강,-23567,+64142,+312,+312,,,,,,,-40887
대호특수강우,-200,,,,,,,,,,
더블유에스아이,-17540,+16499,,,,,,,,,+1392
더콘텐츠온,-129,,+129,+129,,,,,,,
데브시스터즈,-2227,-6936,+8314,+127,+1277,+6103,,,+770,+37,+772
데이드림엔터,,,,,,,,,,,
데이터스트림즈,,,,,,,,,,,
도부마스크,,,,,,,,,,,
동방선기,+30671,-27263,,,,,,,,,
동신건설,-2622,+2417,,,,,,,,,+102
동양에스텍,-87116,+95598,-9597,-7899,,,,,,-1698,
동운아나텍,-32897,+37653,-4662,+119,-496,+395,,,,-4680,-400
동일철강,-51574,+49738,,,,,,,,,+1669
듀오백,+81537,-79208,+2197,+1785,,,,,,+412,-4224
듀켐바이오,-29,,,,,,,,,,
드래곤플라이,-17573,+15189,,,,,,,,,+3400
드림어스컴퍼니,-42224,+47342,-4026,+9013,,,,,+390,-13429,-615
디딤,-5845,+4952,,,,,,,,,+5000
디에스티,,,,,,,,,,,
디엠티,+62623,-34014,-28826,,,,,,,-28826,-1360
디이엔티,-20928,+29088,-9000,,,,,-7000,,-2000,+20
디자인,+25036,-21254,,,,,,,,,-2387
디젠스,+60959,-52517,-3129,-2528,,,,,,-601,-320
디지아이,-11675,+7543,+1132,+913,,,,,,+219,+3000
디지탈옵틱,,,,,,,,,,,
디피코,,,,,,,,,,,
라온테크,+2007,,+107,,,,,,,+107,-1962
라이트론,,,,,,,,,,,
라이프사이언스테크놀로지,,,,,,,,,,,
래몽래인,,,,,,,,,,,
럭슬,,,,,,,,,,,
럭스피아,,,,,,,,,,,
레드로버,,,,,,,,,,,
렌딩머신,,,,,,,,,,,
로보쓰리,+3300,,,,,,,,,,-300
로스웰,+219168,-221318,,,,,,,,,
루멘스,-16591,+8974,,,,,,,,,+8000
루켄테크놀러지스,+12644,,-12544,,,-12544,,,,,-100
루트락,,,,,,,,,,,
루트로닉,-32145,+31735,-7172,-5005,,-2010,,,,-157,+4803
루트로닉3우C,+5,,,,,,,,,,-5
리더스 기술투자,+642312,-859785,,,,,,,,,+214002
리더스코스메틱,-6287,+4725,+1246,+1246,,,,,,,
릭스솔루션,+100920,+2922,,,,,,,,,-103236
마이더스AI,-58663,+44372,,,,,,,,,+10000
매직마이크로,,,,,,,,,,,
맥스로텍,,,,,,,,,,,
메디쎄이,+6434,-6434,,,,,,,,,
메디안디노스틱,,,,,,,,,,,
메디앙스,,,,,,,,,,,
메디젠휴먼케어,,,,,,,,,,,
메디콕스,+48724,-1744,,,,,,,,,-46000
메디톡스,+12281,-11860,-468,-558,-6,,,-50,+1082,-936,-36
메이슨캐피탈,-448123,+476835,-24603,-20517,,,,,,-4086,-5000
메카로,+5519,-3615,,,,,,,,,-1920
멕아이씨에스,+2441,+653,-3001,-1,,,,,-3000,,+60
멜파스,-140338,+139750,,,,,,,,,+5522
명성티엔에스,,,,,,,,,,,
명진홀딩스,-17,,,,,,,,,,
모트렉스,+24597,-14516,,,,,,,,,-10000
무진메디,-2,,,,,,,,,,
미래에셋대우스팩4호,+4363,-3138,,,,,,,,,
미래엔에듀파트너,,,,,,,,,,,
미래테크놀로지,-846,-129,+1000,,,+1000,,,,,
미애부,,,,,,,,,,,
바른손,+7672,-8098,,,,,,,,,+260
바른손이앤에이,-78627,+60662,+82,+82,,,,,,,+2500
바른전자,,,,,,,,,,,
바이넥스,+200901,-188417,-4839,+1305,+12986,-59390,,,+24630,+15630,-4341
바이오시네틱스,-490,,,,,,,,,,
바이오인프라생명과학,+39500,,-3000,,,,,,,-3000,-36500
바이온,+10002,-9325,,,,,,,,,
바이오프로테크,,,,,,,,,,,
바이오리더스,+47687,-17090,,,,,,,,,+39134
바이옵트로,,,,,,,,,,,
박셀바이오,+4973,-5271,+2,+204,,,,,-178,-24,+1907
버킷스튜디오,+43671,-43681,,,,,,,,,
베노홀딩스,+5480,-7395,+417,+417,,,,,,,+500
베셀,+3744,-2619,,,,,,,,,
베스파,+8757,-3981,-4776,,,+13,,,,-4789,
볼빅,,,,,,,,,,,
부방,-113279,+94903,+38,+38,,,,,,,+19200
블러썸엠앤씨,,,,,,,,,,,
블루베리 NFT,+22080,+23479,,,,,,,,,-45604
비디아이,-4942,+4116,+245,+245,,,,,,,+1250
비보존 헬스케어,-106712,+101023,-6,-6,,,,,,,+7000
비에이치아이,+72366,-60559,,,,,,,,,-23637
비엔디생활건강,,,,,,,,,,,
비츠로시스,,,,,,,,,,,
비플라이소프트,+1811,,,,,,,,,,+587
빅텐츠,,,,,,,,,,,
뿌리깊은나무들,,,,,,,,,,,
삼강엠앤티,-57308,+40968,+27872,+3170,+6717,+8203,,,+6515,+3267,-11870
삼기,+17790,-16149,+29,+29,,,,,,,+555
삼보산업,-292705,+286018,+7595,+6267,,,,,,+1328,
삼본전자,-80426,+81176,,,,,,,,,
삼천리자전거,-16458,+12320,-1390,,,-2758,,,,+1368,+6176
상보,-151255,+148403,,,,,,,,,
상상인인더스트리,-114822,+165372,,,,,,,,,-50401
상지카일룸,+172123,-16306,,,,,,,,,-55937
샘코,,,,,,,,,,,
서남,-1312,+1854,,,,,,,,,-542
서연탑메탈,+2787,-3064,,,,,,,,,-1
서울리거,-60532,+38953,,,,,,,,,+20400
서진오토모티브,-4136,+4136,,,,,,,,,
서호전기,,+489,-519,-519,,,,,,,
서희건설,+229691,-126046,-105841,-74499,,,,,,-31342,+96
선광,+277,-269,,,,,,,,,
선바이오,+1140,,,,,,,,,,-140
세동,+37283,-37283,,,,,,,,,
세원물산,,,,,,,,,,,
세원,+4944,-10867,,,,,,,,,+5000
세진티에스,+7085,-6034,-965,-805,,,,,,-160,
세중,+1424,-1424,,,,,,,,,
세코닉스,,,,,,,,,,,
센코,-8064,+7591,+500,+500,,,,,,,-50
센트럴바이오,+10495,-10565,,,,,,,,,
셀루메드,-12277,+11978,-1,-1,,,,,,,+300
셀리드,+22604,-7869,-5918,+1,,,,-5919,,,-9252
셀바스AI,-12942,+37153,+630,,,+630,,,,,-25175
셀바스헬스케어,-89106,+91882,,,,,,,,,+654
셀젠텍,,,,,,,,,,,
소룩스,-1069,+1113,,,,,,,,,-44
소리바다,+17132,-91455,,,,,,,,,+44577
소프트센우,,,,,,,,,,,
솔고바이오,,,,,,,,,,,
솔루에타,+25978,-26297,,,,,,,,,+99
수산아이앤티,-5418,+5245,,,,,,,,,+50
수성이노베이션,-8425,+52238,-30000,,,,,-30000,,,-10497
수젠텍,-11546,+11753,+3336,+3232,,,,,,+104,-3521
수프로,,,,,,,,,,,
슈펙스비앤피,,,,,,,,,,,
스맥,+17325,-16943,,,,,,,,,-400
스카이문스테크놀로지,,,,,,,,,,,
스카이이앤엠,+15962,-16094,,,,,,,,,
스킨앤스킨,,,,,,,,,,,
스타모빌리티,,,,,,,,,,,
스타플렉스,-7267,+7264,,,,,,,,,
스템랩,+500,,,,,,,,,,-500
스튜디오산타클로스,-5373,+5338,,,,,,,,,
스포츠서울,,,,,,,,,,,
승일,+4167,-5064,-727,-100,,-427,,,,-200,+1399
시그네틱스,+78165,-78763,,,,,,,,,
시그넷이브이,+1424,,+682,+3350,,,,,,-2668,+326
시큐브,-965,+1063,,,,,,,,,
시큐센,-705,,,,,,,,,,+705
시티랩스,+925223,-26554,+11,+11,,,,,,,-899485
신라에스지,+438,-367,,,,,,,,,+1
신라젠,,,,,,,,,,,
신성델타테크,-11232,+11630,,,,,,,,,-500
신영스팩5호,,,,,,,,,,,
신화콘텍,-6618,+8459,-1801,-1508,,,,,,-293,
싸이토젠,-2107,-2421,+139,-4,,,,,,+143,+4389
썬테크,,,,,,,,,,,
썸에이지,+103815,-179422,,,,,,,,,+64739
쎄노텍,-12587,+14836,,,,,,,,,
쎄미시스코,+595,-581,,,,,,,,,
쎄트렉아이,+10852,-375,-11228,+2,-2230,-3598,,,-1535,-3867,+675
씨씨에스,+4266,+11563,,,,,,,,,
씨앤에스링크,,,,,,,,,,,
씨알푸드,,,,,,,,,,,
씨앗,,,,,,,,,,,
씨엔티드림,,,,,,,,,,,
씨엔플러스,,,,,,,,,,,
씨티씨바이오,-37424,+37758,+3,+3,,,,,,,-138
아가방컴퍼니,-37842,+68213,-13294,,,,,,,-13294,-19800
아래스,,,,,,,,,,,
아리온,,,,,,,,,,,
아스타,-3333,+3333,,,,,,,,,
아스트,-3586,+3520,-1,-1,,,,,,,+57
아우딘퓨쳐스,-55938,-63095,+98033,,,+75226,,,+22807,,+21000
아이비김영,+33071,-26820,+139,-1800,,,,,,+1939,+3929
아이씨케이,+796,-2433,+1637,+1637,,,,,,,
아이에스이커머스,-923,,+842,+842,,,,,,,+81
아이에이,-383928,+152427,+29,+29,,,,,,,+221500
아이엘사이언스,-26888,+26182,,,,,,,,,+1306
아이엠,-31318,+36975,,,,,,,,,-5257
아이엠이연이,-2808,+1018,,,,,,,,,+1500
아이엠텍,,,,,,,,,,,
아이오케이,+11712,-5556,,,,,,,,,-3400
아이진,-50970,+23316,+105325,-1100,,+25146,+2485,,,+78794,-77831
아이컴포넌트,+6553,-8860,+4307,-812,,,,+5320,,-201,
아이케이세미콘,+299,,,,,,,,,,-299
아이큐어,-1081,-5520,+9356,+5702,+441,+3425,,,,-212,-1283
아이톡시,,,,,,,,,,,
아이피몬스터,,,,,,,,,,,
아퓨어스,,,,,,,,,,,
안지오랩,,,,,,,,,,,
알에프세미,+277,-277,,,,,,,,,
알체라,-6414,+9158,-3200,-3200,,,,,,,+318
알톤스포츠,-8504,+8004,,,,,,,,,
알티캐스트,-19881,+4281,,,,,,,,,+15000
알파홀딩스,-18434,+17434,+782,+182,,,,,+600,,+200
앙츠,,,,,,,,,,,
애니젠,-5015,+5665,,,,,,,,,
애드바이오텍,+1627,,-1627,,,,,,,-1627,
액션스퀘어,+16755,+27264,,,,,,,,,-40477
앤씨앤,-70506,+69942,,,,,,,,,+510
엄지하우스,,,,,,,,,,,
에브리봇,,,,,,,,,,,
에스디생명공학,+488,-1067,-121,-121,,,,,,,+700
에스디시스템,,,,,,,,,,,
에스아이리소스,,,,,,,,,,,
에스알바이오텍,+1028,,-1028,,,,,,,-1028,
에스앤더블류,,,,,,,,,,,
에스앤디,-240,,,,,,,,,,+240
에스에이티이엔지,,,,,,,,,,,
에스엔피제네틱스,,,,,,,,,,,
에스엘바이오닉스,+17537,-18193,,,,,,,,,
에스엘에스바이오,-2,,,,,,,,,,+2
에스엠비나,,,,,,,,,,,
에스와이,-84981,+83921,,,,,,,,,
에스제이켐,,,,,,,,,,,
에스제이케이,,,,,,,,,,,
에스케이씨에스,,,,,,,,,,,
에스코넥,+74827,-76724,-20208,,,,,,,-20208,+20000
에스트래픽,+39847,-35593,,,,,,,,,-5034
에스티오,+21661,-14728,-6831,-5634,,,,,,-1197,-32
에스티큐브,+50929,+2318,-5098,-5014,,,,,+370,-454,-47851
에쎈테크,-52030,+52030,,,,,,,,,
에이디칩스,+32058,-32269,,,,,,,,,-8699
에이루트,+10287,-7425,,,,,,,,,-1787
에이비온,+12267,,-12300,+300,,,,-12600,,,-172
에이비프로바이오,+1507302,-1471244,+3696,+111,,+3585,,,,,-4566
에이스캠퍼,,,,,,,,,,,
에이스테크,-74464,+50502,+23789,+946,,-2218,,,+25534,-473,+102
에이스토리,-15388,-9013,+25016,+3172,+5933,-49,,+455,+4077,+11428,-562
에이씨티,,,,,,,,,,,
에이아이비트,,,,,,,,,,,
에이원알폼,,,,,,,,,,,
에이치엔에스하이텍,-63,,,,,,,,,,-80
에이치엔티,,,,,,,,,,,
에이치엘비제약,+25140,-25019,+3035,-394,,+3429,,,,,-16099
에이치엘비생명과학,+68283,-60837,-3229,+1410,,,,,-4045,-594,-4998
에이치엘비,-14903,+16579,-3172,+928,-83,,,,-2629,-1388,+534
에이치엘비파워,+45557,-128694,-10000,,,,,-3000,-7000,,+96624
에이치케이,-9248,+18412,-9164,-7527,,,,,,-1637,
에이테크솔루션,-3126,+3126,,,,,,,,,
에이티넘인베스트,-74553,+128014,-55350,-8780,,,,,-46570,,-2566
에이티세미콘,,,,,,,,,,,
에이팸,,,,,,,,,,,
에이펙스인텍,-99,,+99,+99,,,,,,,
에치에프알,-3725,+4301,+39,+39,,,,,,,-650
에코마이스터,-30231,+30231,,,,,,,,,
에프알텍,-18707,+16522,+85,+85,,,,,,,+200
에프앤리퍼블릭,+22681,-22681,,,,,,,,,
엑세스바이오,-76840,+53489,+111,,+111,,,,,,+26177
엑스큐어,,,,,,,,,,,
엔솔바이오사이언스,-130,,,,,,,,,,
엔시트론,-8784,+3784,,,,,,,,,+5000
엔에스엔,-37311,+37815,,,,,,,,,
엔에스엠,,,,,,,,,,,
엔에스컴퍼니,,,,,,,,,,,
엔지브이아이,+1670,,-1670,-1670,,,,,,,
엔지스테크널러지,,,,,,,,,,,
엔지켐생명과학,-44298,+24218,+28127,+8233,+3536,+5057,,+240,+5242,+5819,-4238
엔케이맥스,+10493,+811,-3375,+457,,,,,-4670,+838,-6429
엔투텍,+66384,+91923,+12600,+11070,,+1530,,,,,-180196
엘디티,-701,-478,+1179,+967,,,,,,+212,
엘리비젼,+79,,,,,,,,,,-79
엘아이에스,+1833,+817,,,,,,,,,-2220
엘앤케이바이오,+18477,-2215,-21696,-13,,-2229,,,,-19454,+1593
엘에이티,,,,,,,,,,,
엘컴텍,-28547,+28907,,,,,,,,,
엠로,-600,+600,,,,,,,,,
엠앤씨생명과학,,,,,,,,,,,
엠젠플러스,,,,,,,,,,,
영신금속,+139534,-111426,-2492,,,,,,,-2492,-23347
예림당,-14467,+14456,,,,,,,,,
예스티,-54687,+63,+57870,+10400,,+19870,,,,+27600,-2816
오리엔트정공,-146667,+136505,,,,,,,,,
오션스톤,-16,,,,,,,,,,
오스테오닉,-37241,+36731,,,,,,,,,
올리패스,-38872,+49385,-9779,-9779,,,,,,,-790
올릭스,-9391,+721,+4256,+11,+546,-9350,,,+12666,+383,+4405
와이오엠,+30807,-61959,+13356,+12795,,,,,,+561,+14001
와이지-원,-29960,+429,+27615,,,+6728,,+11446,+9441,,+2000
우리기술투자,-538291,+880664,-362560,-11018,,-43728,,,,-307814,+12731
우리기술,-82337,+92078,,,,,,,,,-900
우리로,,,,,,,,,,,
우정바이오,-32083,+32085,,,,,,,,,-1
우진비앤지,+66365,+916,-56580,-56580,,,,,,,-10846
원바이오젠,-4351,+4021,,,,,,,,,
원익큐브,-431867,+313317,+115583,-18552,,+134135,,,,,+6301
원익,-21960,+21960,,,,,,,,,
원텍,-375,,-1483,-1483,,,,,,,+1858
원포유,-39,,,,,,,,,,+39
원풍물산,+13248,-13033,,,,,,,,,
웨이브일렉트로,+7245,-7275,,,,,,,,,
웹스,-43412,+5786,-1500,,,,,,,-1500,+39026
위니아딤채,-140215,-20102,+152374,-18986,+137900,+22046,,,,+11414,+10485
위메이드맥스,-4120,+5018,,,,,,,,,
위월드,,,,,,,,,,,
위즈코프,-131586,+17346,+131300,,,+136388,,,,-5088,-13984
위지트,-5957,-39060,+21582,,,+2631,,,,+18951,+16000
유니슨,+160202,-166120,+6139,+6139,,,,,,,-387
유니포인트,,,,,,,,,,,
유비온,,,,,,,,,,,
유아이디,,,,,,,,,,,
유안타제4호스팩,-4395,-240,+4635,-11086,,,,,,+15721,
유안타제6호스팩,-6964,+5964,,,,,,,,,+1000
유앤아이,-2157,+4256,-2176,-2176,,,,,,,
유엑스엔,,,,,,,,,,,
유진로봇,-10198,+17187,,,,,,,,,-7000
유진스팩5호,-1,,+1,+1,,,,,,,
유테크,,,,,,,,,,,
유투바이오,+1,,,,,,,,,,
유틸렉스,+1637,+1537,+324,+106,,,,,+120,+98,-3449
육일씨엔에쓰,+5235,-6685,,,,,,,,,+5246
이노벡스,+5000,,,,,,,,,,-5000
이노와이즈,,,,,,,,,,,
이노인스트루먼트,+7494,-7805,+265,+265,,,,,,,
이노진,,,,,,,,,,,
이노테라피,+982,-982,,,,,,,,,
이녹스,-38308,+22781,+12555,-3000,,+15555,,,,,+3183
이더블유케이,+20230,+9170,,,,,,,,,-29570
이도바이오,,,,,,,,,,,
이디티,-172380,-22959,,,,,,,,,+187922
이미지스,+15561,-8626,,,,,,,,,-6900
이베스트이안스팩1호,,,,,,,,,,,
이베스트투자증권,-27074,+6720,+17853,+21030,+151,-3230,,-55,+190,-233,+515
이비테크,,,,,,,,,,,
이수앱지스,+153225,-93611,-36159,-21760,,-14399,,,,,-14928
이스트아시아홀딩스,+619303,-672823,,,,,,,,,+5
이십일스토어,,,,,,,,,,,
이앤에치,-2813,,,,,,,,,,+2813
이에스에이,,,,,,,,,,,
이엠네트웍스,,,,,,,,,,,
이엠앤아이,,,,,,,,,,,
이엠코리아,+13480,-14588,+987,+987,,,,,,,
이엠티,-5519,,+5519,,,,,,,+5519,
이즈미디어,+4696,-2810,+245,,,,,,,+245,
이큐셀,,,,,,,,,,,
이트론,+7364081,-4526292,-2711717,,,-2711717,,,,,+122450
이화전기,+8777933,-4496630,-3895659,+1,,-3895660,,,,,-59367
인바이오,-1000,+1557,-500,-500,,,,,,,
인바이츠바이오코아,-200,,+200,+200,,,,,,,
인성정보,-29,-1233,,,,,,,,,+306
인콘,+139418,-138579,,,,,,,,,
인카금융서비스,,,,,,,,,,,
인터엠,-34866,+34816,,,,,,,,,
인터코스,,,,,,,,,,,
인터플렉스,-6911,+12021,-203,+2,,-205,,,,,-4995
인트로메딕,-14043,+18301,+4,+4,,,,,,,-4311
인포마크,+3538,-3538,,,,,,,,,
인포바인,+49,-49,,,,,,,,,
인포뱅크,-2783,+4632,,,,,,,,,-2763
인피니티엔티,,,,,,,,,,,
일야,,,,,,,,,,,
잉크테크,+8200,-8199,,,,,,,,,
자안바이오,+54488,+146460,,,,,,,,,-202800
장원테크,,,,,,,,,,,
전우정밀,,,,,,,,,,,
전진바이오팜,-6866,+6937,,,,,,,,,
정다운,-16639,+16126,,,,,,,,,+2
제낙스,,,,,,,,,,,
제넨바이오,-219560,+202817,-6,-6,,,,,,,+15986
제노텍,,,,,,,,,,,
제노포커스,+16160,-11811,,,,,,,,,-3983
제닉,-15487,+22387,-1138,-939,,,,,,-199,-9799
제이시스메디칼,+53249,-43388,-9187,-9679,,,,,,+492,-1096
제이에스티나,+43,-41,,,,,,,,,
제이엠아이,+16732,-16752,+20,+20,,,,,,,
제이웨이,,,,,,,,,,,
제테마,-16063,+8571,-55719,+7,,-114,,,-18883,-36729,+62912
젬백스지오,+105162,-106564,,,,,,,,,+1
젬백스,+18574,-17232,-7125,+189,,,,,-3071,-4243,+6982
좋은사람들,,,,,,,,,,,
지더블유바이텍,,,,,,,,,,,
지스마트글로벌,,,,,,,,,,,
지앤이헬스케어,,,,,,,,,,,
지엔코,+3161,-7762,,,,,,,,,+3
지엘팜텍,+54906,-58153,,,,,,,,,
지오씨,,,,,,,,,,,
지유온,,,,,,,,,,,
지트리비앤티,-17966,+13305,-586,-417,,,,,+23,-192,+5784
지티지웰니스,-41101,+41101,,,,,,,,,
진바이오텍,-21935,+4619,,,,,,,,,+14270
진코스텍,+48,,-48,,,,,,,-48,
질경이,-1,,,,,,,,,,
천랩,+3679,+1339,-4958,,,,,,-4958,,+3
청광건설,,,,,,,,,,,
체리부로,+6127,-6127,,,,,,,,,
초록뱀미디어,-116537,+91371,-6663,+341,,-7004,,,,,+36660
초록뱀컴퍼니,-149957,+13420,,,,,,,,,+123012
카이노스메드,-79561,+65873,+3051,+233,,+225,,,,+2593,+13328
캐리소프트,-17496,+16492,,,,,,,,,+2794
캐스텍코리아,-47607,+39942,,,,,,,,,
캔서롭,,,,,,,,,,,
케어룸의료산업,+100,,-100,-100,,,,,,,
케이디켐,-1762,+2293,,,,,,,,,-648
케이맥,-25248,+21175,,,,,,,,,+4023
케이비제19호스팩,-10,,+10,+10,,,,,,,
케이씨피드,-9852,+13878,-4665,-3789,,,,,,-876,
케이에스피,-20251,+20329,,,,,,,,,
케이엔제이,+9019,+70260,-26717,-4750,,+4800,,,,-26767,-53128
케이프이에스제4호,,,,,,,,,,,
케이피엠테크,+842364,-839492,,,,,,,,,-12800
케이피티유,-4051,+3195,,,,,,,,,+856
코나아이,+5419,-8901,+3705,+6301,-20,+2613,,,,-5189,-121
코너스톤네트웍스,,,,,,,,,,,
코다코,+1963,-1966,,,,,,,,,
코디,+36732,-17828,,,,,,,,,-20491
코드네이처,+4881,-81,,,,,,,,,
코디엠,+5835249,+188232,+931884,,,+931884,,,,,-6848999
코렌,+177237,-117068,,,,,,,,,-65199
코렌텍,-4057,+1778,-1,-1,,,,,,,+1930
코리아에스이,-2993,+2910,,,,,,,,,
코셋,,,,,,,,,,,
코센,,,,,,,,,,,
코스나인,+18059,-11935,,,,,,,,,
코스맥스엔비티,-144107,+105423,+51694,+501,+14198,+28632,,,+8363,,-12468
코스온,,,,,,,,,,,
코아시아옵틱스,,,,,,,,,,,
코오롱생명과학,-3558,+2857,+1,+1,,,,,,,+700
코이즈,+8884,-9043,,,,,,,,,
큐로컴,-49094,+59002,-373,-373,,,,,,,-10434
큐로홀딩스,-29795,+21795,,,,,,,,,
큐리언트,-4114,+3589,+2,+2,,,,,,,-3468
큐브앤컴퍼니,-5595,+5914,,,,,,,,,-329
큐엠씨,,,,,,,,,,,
크로넥스,-216,,+216,+216,,,,,,,
크로바하이텍,,,,,,,,,,,
크루셜텍,+3842,-5903,-112,,,,,,-112,,-2000
키네마스터,+48553,-43767,,,,,,,,,-4938
키움제5호스팩,+3500,,-3500,-3500,,,,,,,
탑선,+1004,,-1004,,,,,,,-1004,
태양기계,,,,,,,,,,,
태양,-256,+206,,,,,,,,,+50
태웅,,,,,,,,,,,
테라사이언스,-16413,+25413,,,,,,,,,-9000
테라셈,,,,,,,,,,,
테크엔,,,,,,,,,,,
테크트랜스,,,,,,,,,,,
텔콘RF제약,+29744,-30839,+600,+814,,,,,+1070,-1284,
토탈소프트,-7217,+6765,,,,,,,,,+2
투비소프트,-1568,-4878,,,,,,,,,+5333
툴젠,,,,,,,,,,,
티앤알바이오팹,-45873,+16394,+30837,-3470,,+33341,,,,+966,-1151
티엘아이,-1282,+632,,,,,,,,,+640
티케이씨,,,,,,,,,,,
티티씨디펜스,,,,,,,,,,,
티피씨글로벌,+44436,-41611,-2971,-2406,,,,,,-565,+58
틸론,,,,,,,,,,,
파나진,-42662,+53292,,,,,,,,,-10500
파라텍,,,,,,,,,,,
파루,+5469,-724,,,,,,,,,
파마리서치바이오,,,,,,,,,,,
파수,-30790,+34824,+1934,+1102,,,,,,+832,-6194
파워넷,-60988,+57554,,,,,,,,,+100
파워풀엑스,,,,,,,,,,,
파인디앤씨,+2527,-32307,+30000,+30000,,,,,,,
팍스넷,,,,,,,,,,,
판도라티비,-49,,-1,-1,,,,,,,
판타지오,-264205,-100474,,,,,,,,,+115762
팬젠,-12263,+4073,,,,,,,,,+8190
펨토바이오메드,,,,,,,,,,,
펩트론,-1975,+10542,-522,-522,,,,,,,-8045
포스링크,,,,,,,,,,,
포인트모바일,-3905,+4459,-298,-198,,,,,,-100,-124
포티스,,,,,,,,,,,
폭스소프트,-100,,+100,+100,,,,,,,
폴라리스오피스,+43253,-43253,,,,,,,,,
폴라리스웍스,+256640,-160457,,,,,,,,,-96291
푸른저축은행,-636,+1821,-728,-728,,,,,,,
퓨전,,,,,,,,,,,
퓨쳐켐,-21353,-2191,-15,-39,,+24,,,,,+18465
프로스테믹스,+27401,-34799,+4,+4,,,,,,,+8393
프로테옴텍,+982,,-982,,,,,,,-982,
프리엠스,+5959,-5290,,,,,,,,,+2
플럼라인생명과학,,,,,,,,,,,
피노텍,-2001,,+2000,,,+2000,,,,,+1
피씨엘,-22515,+21954,-4,-4,,,,,,,+649
피에스엠씨,-247520,+191041,-5474,-5474,,,,,,,+65378
피에이치씨,-3987,-1157,,,,,,,,,+354
피엔아이컴퍼니,,,,,,,,,,,
픽셀플러스,-699,+699,,,,,,,,,
필옵틱스,-10745,+8467,+2172,+172,,,,,,+2000,
하나기술,-28990,+9080,+20157,+15,+181,+4291,,,+768,+14902,+110
하림,-3265,-14759,+14866,+14888,-22,,,,,,+3000
하이소닉,,,,,,,,,,,
한국미라클피플사,,,,,,,,,,,
한국정밀기계,,,,,,,,,,,
한국정보공학,-1413,-374,,,,,,,,,+1787
한국제8호스팩,-13348,,+13335,,,,,,,+13335,
한국코퍼레이션,,,,,,,,,,,
한국테크놀로지,-22843,+6899,,,,,,,,,+13450
한국파마,-9588,+10324,-142,-142,,,,,,,-816
한스바이오메드,-23086,+16764,+378,-21,,+399,,,,,+4556
한양디지텍,-6544,+6744,,,,,,,,,
한일사료,+71684,-71915,,,,,,,,,
한일진공,+37961,-37763,,,,,,,,,+2
한중엔시에스,,,,,,,,,,,
한탑,+24216,-24226,,,,,,,,,
한프,,,,,,,,,,,
한화에스비아이스팩,+50457,-20849,,,,,,,,,-4000
한화플러스제1호스팩,+78549,+8,-79912,-76112,,,,,,-3800,+792
해성옵틱스,+21132,-5032,,,,,,,,,-16100
핸디소프트,-29737,-2029,,,,,,,,,+31827
행남사,,,,,,,,,,,
헬릭스미스,+50483,-52576,+172,-151,,,,,+558,-235,+2010
현대바이오,-9189,+8946,-546,-34,,,,,+14,-526,+103
현진소재,,,,,,,,,,,
형지I&C,-46542,+49834,,,,,,,,,+3
홈캐스트,+14511,-16511,,,,,,,,,+2000
휘닉스소재,+258946,-277070,,,,,,,,,+13514
휴럼,,,,,,,,,,,
휴림로봇,-57405,+62162,,,,,,,,,
휴마시스,+75579,+10390,+114390,-15,,+138405,,-24000,,,-185194
휴맥스홀딩스,+1423,-1423,,,,,,,,,
휴맥스,+7708,-11145,,,,,,,,,+3428
휴먼엔,-58348,+61989,,,,,,,,,-958
휴벡셀,,,,,,,,,,,
휴온스글로벌,+82,-2104,+345,+4,-2,,,,,+343,+1592
3S,+34365,-34366,,,,,,,,,
AP시스템,+980,+8817,-10454,+1266,-12690,+1000,,,+150,-180,+951
AP위성,+23658,-22233,,,,,,,,,+12
CJ프레시웨이,-1010,+1158,+30,+30,,,,,,,+107
CMG제약,-84861,+73654,+3184,-891,-47,,,,+4893,-771,+10050
DB금융스팩8호,-10,,+10,+10,,,,,,,
DB금융스팩9호,,,,,,,,,,,
DMS,-14546,+12012,+2630,+2168,,,,,,+462,
DSC인베스트먼트,-38248,+27659,-4674,-4674,,,,,,,+15000
GH신소재,-34757,+32659,,,,,,,,,+2154
GST,-25784,+17259,+8609,+2,,+5079,,,,+3528,+91
HB테크놀러지,+153755,-168693,-18218,+7226,+13477,+15019,,,-53940,,+32442
HRS,-7612,+7157,,,,,,,,,+387
IBKS제12호스팩,-23,+23,,,,,,,,,
IBKS제13호스팩,-2500,,+2500,+2500,,,,,,,
IBKS제14호스팩,,,,,,,,,,,
IBKS제15호스팩,-6067,-739,+11806,,,,,,,+11806,-5000
ISC,-34578,+3389,+31120,-812,-13,+32541,,,-596,,+915
JW신약,-32011,+33969,+2,+2,,,,,,,-2000
JYP Ent.,+74290,-67643,-7468,+92,-10,-400,,,-2808,-4342,+502
KBI메탈,-84381,+84906,,,,,,,,,
KB오토시스,+17299,-16946,,,,,,,,,+250
KCI,-4339,+4741,-7,-7,,,,,,,-400
KG ETS,-220774,+191136,+27246,-9030,,-3000,,,,+39276,+3005
KG모빌리언스,-166354,+32178,+142189,+10534,,+101329,,,,+30326,-3748
KG이니시스,-15748,+3210,+12830,+2593,-7,+1286,,,+210,+8748,-71
KH바텍,-83210,+80222,-3212,-1631,-10,-967,,,+220,-824,+6361
KMH하이텍,+16824,-11339,,,,,,,,,
KNN,+413,,,,,,,,,,-500
KTH,-10027,+20066,-1575,,,,,,,-1575,-8227
KT서브마린,-22057,+20032,+2000,+2000,,,,,,,
NHN벅스,+1962,-1962,,,,,,,,,
NHN한국사이버결제,-60709,+5282,+55042,+563,+619,+3464,,,+50609,-213,+157
NICE평가정보,-21840,+41123,-19238,+229,-13,-248,,,-2507,-16699,-44
PI첨단소재,-20266,+448,+21612,+11465,+1295,+3333,,+504,+5231,-216,-1742
PN풍년,+20913,-10444,-18296,-1741,,-16074,,,,-481,+7548
RFHIC,-208350,+153281,+58679,+2593,-5896,+28843,,,-11954,+45093,-3279
RF머트리얼즈,+11135,+2868,-14075,-15,,-7762,,,,-6298,
S&K폴리텍,+15155,-15170,+15,,,,,+15,,,
SBI인베스트먼트,-512545,+513290,+2660,-5000,,,,,,+7660,+5900
SBS콘텐츠허브,-27615,+6819,+26135,+16,,,,,+26119,,-5339
SCI평가정보,-21684,+21676,,,,,,,,,
SDN,+99076,-101065,+556,+556,,,,,,,
SK5호스팩,-1,+1,,,,,,,,,
SG,-61405,+73967,-12901,-12901,,,,,,,+300
SFA반도체,-125618,+131708,+6109,+8245,,,,,-947,-1189,-6587
SG&G,-14704,+14611,,,,,,,,,+151
SK6호스팩,-10,,+10,+10,,,,,,,
SK머티리얼즈,-1821,+4517,-3382,-6260,+70,+2258,,,+1058,-508,+691
SM C&C,+39166,-39320,+53,+53,,,,,,,+40
SM Life Design,+1497100,-1270383,-204740,,,-204740,,,,,-29545
SV인베스트먼트,-53654,+52523,-4,-4,,,,,,,-178
THE E&M,-727482,+301658,,,,,,,,,+426025
TJ미디어,+1039,-1039,,,,,,,,,
TPC,+26344,+601,-27164,,,,,,,-27164,
TS트릴리온,+35865,-35515,,,,,,,,,
WI,+36884,-25606,+6511,,,+6511,,,,,-17800
YBM넷,+32765,-30377,,,,,,,,,-1008
YW,+5662,-5662,,,,,,,,,
YTN,+1136,-1136,,,,,,,,,
iMBC,-2792,+2790,,,,,,,,,
가비아,-27103,+16173,+11000,+2420,,+5390,,,,+3190,
가온미디어,-8771,-6486,+109,+109,,,,,,,+13689
갤럭시아머니트리,+4521,+1474,-5348,-545,,,,,,-4803,+90
경남스틸,+46248,-42572,,,,,,,,,-2777
경남제약,-28482,+28482,,,,,,,,,
경동제약,-27969,+26135,+868,+1091,,,,,-223,,-6080
고려시멘트,-6034,+3814,,,,,,,,,+1000
고려신용정보,+8256,+7708,-6773,,,-6773,,,,,-9812
고려제약,-17378,+10079,,,,,,,,,+6941
고바이오랩,-4144,-5239,+7595,,+805,,,,+6790,,+1770
고영,-17655,-5881,+23331,+5402,-32,-1827,,,+17671,+2117,-9
골프존뉴딘홀딩스,-18000,-729,+17100,-79,,+12712,,,,+4467,+1800
골프존,-1006,+4328,+1621,+838,+762,,,+1135,-4745,+3631,-5013
광진윈텍,-2247,-1403,+3650,+3023,,,,,,+627,
교보10호스팩,,,,,,,,,,,
국보디자인,+1534,-1435,,,,,,,,,+1
국영지앤엠,+32966,-28268,,,,,,,,,-5000
국일신동,-32252,+37107,,,,,,,,,
국전약품,-4479,+2940,+1500,+1500,,,,,,,
그리티,-5432,+5290,,,,,,,,,+42
그린플러스,-23868,-4320,+37438,-816,,+20553,,,,+17701,-7301
글로벌텍스프리,+4035,-4141,,,,,,,,,+31
금강철강,-12662,+11722,,,,,,,,,
금화피에스시,+4130,-4045,,,,,,,,,-85
기산텔레콤,+19515,-17988,,,,,,,,,-1521
까스텔바작,+2493,-2324,,,,,,,,,+11
나노신소재,+12541,-15015,+1026,+841,,+185,,,,,+1442
나노,-53884,+38315,,,,,,,,,+4874
나노캠텍,-6895,+6485,,,,,,,,,+167
나노씨엠에스,-4039,+8424,-1610,-1610,,,,,,,-2775
나노엔텍,-14591,+3717,+6469,+7418,,-949,,,,,+3480
나라엠앤디,+5302,-5415,+133,+133,,,,,,,
나무가,+8731,+1369,-10000,,,,,,-10000,,+11
나무기술,-11913,+8490,+211,+211,,,,,,,+3500
나스미디어,+7794,-4416,-3448,-2,-2984,-462,,,,,+56
나이스디앤비,-5253,+4849,-71,-11,,,,,,-60,+475
나이스정보통신,+522,+2474,-812,-185,-2,-620,,,,-5,-2184
나인테크,+407826,-16351,-252751,-252751,,,,,,,-137750
남화산업,+16174,+4780,-1323,-1323,,,,,,,-19631
남화토건,-22969,+25767,,,,,,,,,-2800
네오리진,-139481,+140085,,,,,,,,,+396
네오셈,-909,+909,,,,,,,,,
네오오토,-24573,+26921,-2468,-2032,,,,,,-436,+120
네오위즈홀딩스,+6721,+8351,-15127,+74,,-4631,,,,-10570,-582
네오위즈,-3379,+6055,+2372,+3196,-6,+623,,,-5941,+4500,-4802
네오크레마,+2529,-2875,,,,,,,,,+296
네오티스,+2962,-2973,,,,,,,,,+1
네오팜,-1107,+2908,-1949,-611,+2229,-738,,,-323,-2506,+158
네패스아크,-2414,+2283,-386,-110,,-276,,,,,+500
네패스,-9005,+10068,-2236,-1356,-1243,+401,,,+226,-264,+1086
넥스턴바이오,-1575,+1535,,,,,,,,,
넥스트아이,+5066,-5088,,,,,,,,,
넥스틴,+3168,+860,-4029,-1701,,-1156,,,,-1172,-18
넥슨지티,-27091,+27379,+364,+371,-7,,,,,,+283
노랑풍선,+15435,-8035,-7199,+1,,-7200,,,,,
노바렉스,-4971,+11834,-11717,-2368,+1253,-11557,,+2202,+502,-1749,+5100
노바텍,-150641,+114709,+31826,-408,+1424,+5463,,,+20950,+4397,+4922
노터스,+16644,-15999,,,,,,,,,-1810
녹십자랩셀,+10525,-15698,+4955,-280,-60,-637,,,+7403,-1471,+265
녹십자셀,-3686,+3542,+87,+35,-4,,,,+120,-64,+45
녹십자웰빙,-2845,+2810,,,,,,,,,+40
농우바이오,-22475,+12231,+10479,-118,,,,,+7000,+3597,-51
누리플렉스,+3228,-3228,,,,,,,,,
뉴보텍,-76374,+76403,,,,,,,,,
뉴인텍,+63789,-72261,,,,,,,,,+329
뉴트리,+3628,-1716,-1621,-1621,,,,,,,+36
뉴파워프라즈마,-142623,+142880,-4663,-4663,,,,,,,-223
다날,+1656,-176128,-2181,-2181,,,,,,,+170278
다나와,+74891,-67785,-7353,+3778,+1387,+460,,,-13067,+89,+11
다믈멀티미디어,+4403,-4403,,,,,,,,,
다산네트웍스,-13416,+13120,+136,+136,,,,,,,+150
다우데이타,-3049,+8362,-5440,-5259,,,,,+170,-351,+98
다원시스,-3361,+18900,-14027,-2220,,-1736,,,-9680,-391,+60
대동스틸,+74939,-75500,+22,+22,,,,,,,+791
대륙제관,-9815,+5503,+3529,+2897,,,,,,+632,+153
대림제지,-2862,+1594,+1739,+1456,,,,,,+283,
대명소노시즌,+17496,-27722,,,,,,,,,+10000
대모,-9503,+1635,+7200,,,+7200,,,,,+68
대보마그네틱,+11388,-432,-11041,-94,,,,,,-10947,
대봉엘에스,+17235,-16685,,,,,,,,,-550
대성미생물,-2082,+2072,,,,,,,,,
대성창투,-452293,+459525,+1982,,,,,,,+1982,-7500
대성파인텍,+323266,-209447,-117596,,,-117596,,,,,-660
대신밸런스제7호스팩,+15,-35,+20,+20,,,,,,,
대신밸런스제8호스팩,-22,,+22,+22,,,,,,,
대신밸런스제9호스팩,,,,,,,,,,,
대신정보통신,+116801,-116801,,,,,,,,,
대아티아이,+213278,-227370,+171,+339,,,,,+780,-948,+9160
대양전기공업,-10801,+10382,-277,,,-41,,,-236,,
대원산업,+9603,-11521,+1767,+1944,,-511,-149,,,+483,+150
대원,+1321,-275,,,,,,,,,-1013
대유에이피,-2670,+2671,,,,,,,,,
대유,-4452,+2342,+1921,+1921,,,,,,,
대정화금,-5594,+8329,-3390,-3256,,-134,,,,,+370
대주산업,-180242,+200511,-1,-1,,,,,,,-21500
대주전자재료,-19618,+10174,+5137,+221,-25,-81,,,+4968,+54,+4389
대한과학,+18378,-17799,-16,-16,,,,,,,-2077
대한광통신,-52854,+26040,+741,+741,,,,,,,+25105
대한뉴팜,-1715,+1704,+1,+1,,,,,,,+40
대한약품,-4146,+3908,,,,,,,,,+38
대화제약,+3046,-3039,+1,+1,,,,,,,
더네이쳐홀딩스,+555,-1610,+1691,+1700,-9,,,,,,-636
덕산네오룩스,-57510,-7519,+59129,+2235,+11614,+15121,,,+11664,+18495,+3523
덕산테코피아,-5278,-446,+5349,+825,,,,,-5460,+9984,+720
덕산하이메탈,+67728,-65122,+371,+495,,-124,,,,,-2710
덕신하우징,+161276,-74293,,,,,,,,,-87653
덕우전자,-48041,+23035,+25000,+25000,,,,,,,
데이타솔루션,-777,+825,,,,,,,,,
덱스터,+22075,-21298,+14049,+14049,,,,,,,-15000
덴티스,,,,,,,,,,,
도이치모터스,-42854,+9007,+87615,+238,+1599,+5039,,+29171,+51568,,-46210
동구바이오제약,+12465,-10195,-1236,+1,,,,,,-1237,-1039
동국S&C,+127769,-93105,+4093,+4175,,,,,+360,-442,
동국산업,+586992,-633959,+76,,,,+1638,,,-1562,+45174
동국알앤에스,+28756,-44051,,,,,,,,,+15000
동국제약,+12809,+15107,-28406,+485,-27941,-167,,,-621,-162,+654
동성화인텍,-5893,+25032,-16677,-16660,-10,-7,,,,,-2760
동아엘텍,-314,+11242,,,,,,,,,-10800
동아화성,-8179,+9624,+1580,+1580,,,,,,,-2190
동양이엔피,-4910,+5609,-766,-1052,,,+532,,,-246,+52
동양파일,-148663,+101201,+34153,-44,,+30520,,+726,+744,+2207,+11609
동우팜투테이블,+12042,-18043,,,,,,,,,+6000
동원개발,+10453,+94602,-30628,+1668,-20,-14294,-8991,-47,,-8944,-74905
동일금속,-33,,,,,,,,,,+55
동일기연,-2609,+2019,+594,+490,,,,,,+104,-4
동진쎄미켐,-55379,+28398,+22454,+8840,+5625,-1758,,+454,+19538,-10245,+5145
동화기업,-73982,+11682,+61252,+2153,+3103,+15996,,-300,+5784,+34516,+375
드림시큐리티,+54365,-52176,,,,,,,,,
드림씨아이에스,+13719,-13726,,,,,,,,,+5
디바이스이엔지,+3429,-3812,+273,,,,,,,+273,+108
디스플레이텍,-12971,+12961,,,,,,,,,
디아이티,-3175,+9916,+981,+981,,,,,,,-2472
디알젬,+2948,+3614,-1,-1,,,,,,,-6900
디알텍,-36664,+36864,,,,,,,,,
디앤씨미디어,-22094,+15133,+9580,+9671,-91,,,,,,-409
디에스케이,-4041,+4014,,,,,,,,,
디에이치피코리아,-11996,+13453,,,,,,,,,-1257
디에이테크놀로지,+14073,-15227,+951,+951,,,,,,,
디오,+12314,-7496,-6737,+2036,+3056,-10979,,+2457,+13,-3320,+814
디와이피엔에프,-3351,+3351,,,,,,,,,
디에이피,+5920,-5920,,,,,,,,,
디엔에이링크,+56493,-59307,,,,,,,,,+3302
디엔에프,-71009,+14719,+53177,+728,+4738,+16479,,,,+31232,+3118
디지캡,+111404,-54873,-5931,-3495,,-762,,,,-1674,-50571
디지털대성,+49661,+36341,-30,-30,,,,,,,-85952
디지틀조선,+31807,-32704,,,,,,,,,-150
디케이락,-8682,+8320,+359,+359,,,,,,,
디케이앤디,-7465,+7665,,,,,,,,,-200
디케이티,-15121,+5050,+10070,+10070,,,,,,,
디티앤씨,+1048,-1048,,,,,,,,,
딜리,-9532,+10195,,,,,,,,,-31
라닉스,-15228,+15395,,,,,,,,,
라온시큐어,+96734,-94568,,,,,,,,,+573
라온피플,-18595,+17084,+491,+169,,-162,,,,+484,+1000
라이온켐텍,+26254,-25895,,,,,,,,,-291
라이프시맨틱스,+302801,-16167,-56143,-10714,,+6812,,-48216,,-4025,-231527
라파스,+28123,-26586,-3159,,,-3159,,,,,+1746
램테크놀러지,-8593,+8888,,,,,,,,,
랩지노믹스,+25479,+25493,-62774,+7406,,-8443,,+515,-6572,-55680,+6688
러셀,-8330,+10611,,,,,,,,,
레고켐바이오,+7529,+17165,-19966,+820,+1018,+3454,,+1353,-17306,-9305,-2986
레드캡투어,-5195,+906,+4286,+155,+1406,+2725,,,,,-99
레몬,+13312,+10057,+18,+56,,,,,+190,-228,-25658
레이언스,-8064,-2029,+11093,+1093,+241,+2028,,,+7731,,-1000
레이크머티리얼즈,-23076,+17139,,,,,,,,,+184
레이,+36379,-9892,-18808,-8525,-191,-2966,,,,-7126,-8085
레인보우로보틱스,+1964,+136,-2285,+300,,-135,,,,-2450,+100
로보로보,+3924,-3905,,,,,,,,,
로보스타,-9866,+7332,,,,,,,,,+2288
로보티즈,-4095,+4079,,,,,,,,,
로지시스,+3157,+6567,-9440,-9440,,,,,,,+43
로체시스템즈,+9245,-9260,,,,,,,,,
룽투코리아,-76293,+28807,-1485,-1485,,,,,,,+51266
리노공업,+8017,-8315,+268,+1254,-4,-87,,,-662,-233,+121
리노스,-36984,+35774,,,,,,,,,+476
리드코프,-7036,+26022,+4435,+589,,,,-2000,,+5846,-19980
리메드,-8630,+3185,+5318,-12,,,,,+5000,+330,-10
린드먼아시아,-18617,+18622,,,,,,,,,
링네트,+807,-5457,,,,,,,,,+4700
링크제니시스,+3395,-3495,,,,,,,,,
마니커에프앤지,+1848,-1880,,,,,,,,,
마이크로디지탈,-33559,+24624,+6944,+7000,,+4444,,,,-4500,+944
마이크로컨텍솔,-10315,+7219,+2707,+2332,,,,,,+375,+316
마이크로프랜드,-2972,+2738,,,,,,,,,+287
마크로젠,-2242,-1102,+4249,+100,,,,,+4149,,-1104
맘스터치,+31240,-36770,+5308,+5308,,,,,,,
매일유업,-4776,+1869,+2604,+2199,,+500,,,+40,-135,+362
매일홀딩스,-3856,+3945,,,,,,,,,
매커스,+30599,-29041,,,,,,,,,-1555
머큐리,+9093,-9113,+77,+77,,,,,,,
멀티캠퍼스,-3616,+3655,+1,+1,,,,,,,-41
메가스터디,+14762,-13447,+122,+122,,,,,,,-1041
메가스터디교육,-55269,+33483,+21433,-3555,+13970,+4247,,+358,+755,+5658,+465
메가엠디,-42565,+54179,-2107,,,,,,,-2107,-5790
메드팩토,+3612,-17300,+13172,+22,+47,-1020,,-31,+14255,-101,+567
메디아나,+7947,-5385,,,,,,,,,-1056
메디포스트,-1101,-315,+1491,+1313,-7,,,,+200,-15,
메디프론,+880855,+28197,+26,+26,,,,,,,-910629
메지온,+2898,-750,-1661,+50,,-1341,,,-14,-356,-163
메타바이오메드,-3930,+3380,,,,,,,,,+1000
모다이노칩,-2106,+2106,,,,,,,,,
모두투어,+7489,-5497,-3374,+1712,,-86,,,,-5000,+1222
모바일리더,-5407,+5405,,,,,,,,,
모바일어플라이언스,+19675,-22401,+31,+31,,,,,,,+1000
모베이스,-46484,+46720,+717,,,+717,,,,,-678
모베이스전자,-89679,+84727,,,,,,,,,+4900
모비릭스,-2525,+2533,,,,,,,,,
모비스,+49032,-48757,,,,,,,,,
모아텍,-2468,+1773,,,,,,,,,
모헨즈,-123648,+124370,,,,,,,,,-234
무림SP,-23594,+23624,,,,,,,,,-50
미디어젠,+3514,+3101,,,,,,,,,-2115
미래나노텍,-12181,+49790,-6313,-6313,,,,,,,-33617
미래생명자원,-4993,+4793,,,,,,,,,
미래에셋대우스팩 5호,+1804,,-1804,,,,,-1804,,,
미래에셋대우스팩3호,,,,,,,,,,,
미래에셋벤처투자,-984,+18565,-14453,,,-13000,,,,-1453,-350
미래컴퍼니,+612,+1984,-464,+112,,-117,,,,-459,-2035
미스터블루,+4472,-18377,,,,,,,,,+15357
미코,-90313,+62941,+26641,+8896,,+17745,,,,,+484
미코바이오메드,+139508,+890,-138524,-12,,,,,,-138512,-3683
미투온,+46046,-29680,+655,+655,,,,,,,-16886
민앤지,-24580,+23661,+891,+931,,,,-40,,,
바디텍메드,+42309,-49221,-7445,+2931,-10494,-17,,,,+135,+16518
바이브컴퍼니,+18999,-15089,-3558,,,-5353,,,+3120,-1325,-377
바이오니아,+79986,-89557,+5,+5,,,,,,,+8179
바이오다인,+41693,-1258,-37625,-11269,-778,-2659,,,,-22919,-1977
바이오로그디바이스,-140283,+99949,,,,,,,,,+32676
바이오솔루션,-8266,+8593,,,,,,,,,
바이오스마트,+4774,-2998,,,,,,,,,-1500
바이오톡스텍,-29233,+26757,,,,,,,,,+2242
바텍,-13919,+13198,-175,-124,-3,-108,,,,+60,+265
배럴,-1884,+1863,,,,,,,,,
백금T&A,+28065,-28365,,,,,,,,,+200
베뉴지,+153723,-72970,-89390,-40888,,-48502,,,,,+8396
보광산업,-6198,+5883,,,,,,,,,
보라티알,+4782,-4713,,,,,,,,,-169
보성파워텍,+580231,-194590,-383607,-213607,,-61867,,,,-108133,-100
본느,-69856,+51180,+386,+386,,,,,,,+18250
부스타,+2057,-2250,,,,,,,,,+58
뷰노,+12730,-2882,-9326,-60,,+347,-10000,,,+387,-111
뷰웍스,-9876,+9771,-213,-10,-3,-281,,,,+81,+325
브랜드엑스코퍼레이션,+6470,-3247,-3747,,,-3747,,,,,
브리지텍,+2687,-2628,,,,,,,,,
브릿지바이오테라퓨틱스,+247,-50,-57,,,-57,,,,,-340
브이원텍,-38140,+25340,+12000,,,+12000,,,,,+800
브이티지엠피,-14193,+6261,+7443,+7497,,,,,+280,-334,+100
블루콤,-20797,+20797,,,,,,,,,
비나텍,+6951,-7598,+660,+900,-152,,,,,-88,-35
비덴트,-536571,+526651,-3586,+4,,,,,,-3590,+14061
비비씨,+189,-989,+800,+800,,,,,,,
비씨월드제약,-3523,+3755,,,,,,,,,
비아트론,-12718,+14399,+1,+1,,,,,,,-1362
비올,+35882,-4909,-30975,+1000,,-31975,,,,,
비에이치,-24681,+15833,+9659,+8731,-15,-500,,,+1815,-372,-598
비엠티,+446,-948,,,,,,,,,+502
비즈니스온,+666,-523,-82,-8,,-74,,,,,
비츠로셀,+53363,-52450,-1007,+2141,+126,+7,,,-3072,-209,+78
비츠로테크,-762,+6326,,,,,,,,,-5301
비트컴퓨터,+14638,-16484,+1,+1,,,,,,,+1900
비피도,-7427,+6733,+410,,,,,+600,,-190,+110
빅솔론,-11669,+2923,+2746,,,,,,,+2746,+6000
빅텍,+145371,-143623,-2,-2,,,,,,,-1708
빛샘전자,+3304,-2573,-731,-608,,,,,,-123,
사람인에이치알,-1317,+2650,-1302,-81,-18,-52,,,-1917,+766,-24
삼륭물산,+2066,-2067,,,,,,,,,+1
삼목에스폼,-2102,+2720,-410,+700,,,-564,,,-546,+52
삼보모터스,+4719,-4519,,,,,,,,,
삼보판지,+7137,-6165,-972,-1003,,,,,,+31,
삼성스팩2호,,,,,,,,,,,
삼아제약,-801,+801,,,,,,,,,
삼양옵틱스,-2943,+2643,,,,,,,,,+300
삼영엠텍,-9540,+11310,,,,,,,,,-1800
삼영이엔씨,+1011,-1021,,,,,,,,,-300
삼일,-16512,+17763,,,,,,,,,+4
삼일기업공사,+28935,-26517,,,,,,,,,-2418
삼지전자,-8876,+7469,+575,+575,,,,,,,+813
삼진,-34,-56,,,,,,,,,
삼진엘앤디,-28684,+28284,,,,,,,,,
삼천당제약,-5606,+11661,-4997,+20,-76,-122,,,-4475,-344,-543
삼표시멘트,+44378,+15909,-59359,+9861,-70032,,,,+500,+312,+165
삼현철강,-3752,+3836,+4116,+3268,,,,,,+848,-2159
삼화네트웍스,+6444,-11624,+5847,-21444,+20711,,,,+6580,,+1
상상인,-57938,+36836,-594,-1128,,,,,+510,+24,+22414
상상인이안1호스팩,,,,,,,,,,,
상상인이안제2호스팩,-79,+19,+60,+60,,,,,,,
상신이디피,+8588,-9810,+136,+136,,,,,,,+86
상신전자,+35030,-2789,,,,,,,,,-32800
상아프론테크,-9747,+680,+9318,+1399,+408,+81,,,+7557,-127,-298
새로닉스,+86755,-88034,-1593,,,,,,,-1593,+1784
서린바이오,+4471,-5116,+647,+647,,,,,,,+480
서부T&D,-25883,+26385,-978,-23,-10,,,,-537,-408,
서산,-32505,+33551,,,,,,,,,-1460
서암기계공업,-3017,+2670,,,,,,,,,-67
서울바이오시스,-24694,+5196,+20872,+21472,,-113,,,-278,-209,-1223
서울반도체,-86330,+31635,+65283,+7998,-16,-410,,,+59262,-1551,-12058
서울옥션,+28552,-45097,+15270,+1076,,+46419,,,,-32225,+1270
서울전자통신,+16238,-16254,,,,,,,,,
서울제약,-2950,+2473,,,,,,,,,+477
서원인텍,+2603,-1096,-142,,,-142,,,,,-1365
서전기전,+1321,+1212,+1909,+1568,,,,,,+341,-4442
서진시스템,+1031,-1945,+4085,-4542,+365,+5579,+1517,+2114,+201,-1149,-3260
서한,+173570,-204372,-6301,-3822,,,,,,-2479,+36479
서플러스글로벌,-51116,+33654,+18002,,+5453,+12549,,,,,+160
석경에이티,+4155,-4067,,,,,,,,,
선데이토즈,+27895,-7811,-20091,+148,,,,,-5807,-14432,
선익시스템,+6203,+11291,-13873,,,,,,-13873,,-4718
선진뷰티사이언스,-513,+498,,,,,,,,,
성광벤드,-38870,+42357,-3884,-385,,-131,,,,-3368,+989
성도이엔지,-36499,+37165,,,,,,,,,-953
성우전자,-3955,+3755,,,,,,,,,
성우테크론,-13245,+13278,-33,-30,,,,,,-3,
성우하이텍,+249709,-107435,-147303,+7407,-47382,-107328,,,,,+4000
성창오토텍,+5861,-5841,,,,,,,,,
성호전자,-43666,+46121,,,,,,,,,-2500
세경하이테크,-110248,+90944,+16760,-241,,-1306,,+1490,,+16817,+4604
세명전기,+16041,-15823,,,,,,,,,
세보엠이씨,+7613,-7639,,,,,,,,,
세운메디칼,+51684,-26705,+3,+3,,,,,,,-16075
세종메디칼,+554,-488,+539,,,,,,,+539,
세종텔레콤,-228519,+215074,+161,+161,,,,,,,
세틀뱅크,+31360,-18285,,,,,,,,,-13010
세화피앤씨,-19507,+20207,,,,,,,,,
셀레믹스,+6907,-6818,,,,,,,,,-200
셀리버리,+2668,-4036,-23,+99,,,,,-34,-88,+1064
셀트리온제약,-20578,+19653,+470,+186,-12,-86,,,+746,-364,+412
셀트리온헬스케어,-115682,+30664,+47388,+30185,+402,-362,-36,-6,+10623,+6582,+37337
소프트센,-47111,+46651,,,,,,,,,+460
소프트캠프,+243790,-93214,,,,,,,,,-156120
손오공,-46268,+47705,,,,,,,,,
솔본,+12959,-1904,,,,,,,,,-11849
솔브레인,-10574,+5446,+5315,+1353,+433,+8203,,+70,+1916,-6660,-3
솔브레인홀딩스,-1414,+745,+706,+989,-4,,,,-106,-173,-10
솔트룩스,+1371,-1372,,,,,,,,,
쇼박스,+32742,-32024,+82,+82,,,,,,,+55
슈프리마아이디,-3356,+4556,,,,,,,,,-1200
슈프리마에이치큐,-5281,+5086,,,,,,,,,+10
슈프리마,-10726,+12536,,,,,,,,,-450
슈피겐코리아,-2609,+2570,-61,+212,-20,-124,,,+21,-150,+95
스튜디오드래곤,+6863,-3221,-3969,+316,-5630,+4810,,,-873,-2592,+67
스페코,+14563,-14725,,,,,,,,,+651
시공테크,-7376,+4293,,,,,,,,,+3656
시너지이노베이션,-225118,+232148,-71,-71,,,,,,,-3988
시노펙스,+70743,-75925,+4541,+4541,,,,,,,
시스웍,+126143,-48097,-33843,,,-33843,,,,,-40088
신도기연,+752,-752,,,,,,,,,
신라섬유,+245766,-249714,,,,,,,,,+164
신신제약,-10910,+10824,,,,,,,,,+10
신영스팩6호,,,,,,,,,,,
신일제약,-20556,+22175,+69,+69,,,,,,,-63
신진에스엠,-4753,+10027,,,,,,,,,-5313
신테카바이오,+4157,-1337,-8616,-1,,-8615,,,,,+5512
신한제6호스팩,-9877,,+9877,-2000,,,,,,+11877,
신한제7호스팩,,,,,,,,,,,
신화인터텍,-71498,+72916,,,,,,,,,+180
신흥에스이씨,-750,+2077,+1945,+686,,,,+996,+40,+223,-3250
실리콘웍스,+31285,-8991,-21320,+1055,-7492,-5617,,,-2171,-7095,-323
심텍,+37368,-30549,-8113,-3790,-987,-7641,,,+4245,+60,+2510
심텍홀딩스,+2928,+2801,-5724,-4752,,,,,,-972,
싸이맥스,-10447,+13292,-2844,-162,-2682,,,,,,+876
싸이버원,-2589,+2381,,,,,,,,,
쌍용정보통신,-79577,+79577,,,,,,,,,
쎄니트,-20052,+19710,,,,,,,,,
쎌바이오텍,+6716,+923,-10,-10,,,,,,,-7639
쏠리드,-7144,+6492,+568,+568,,,,,,,+402
씨아이에스,+16333,-22279,+7468,-189,,,,,+8358,-701,-1365
씨앤지하이테크,-9606,+8848,+688,,,,,,,+688,
씨앤투스성진,+72775,+35230,+2144,+2200,,-56,,,,,-110439
씨에스베어링,-19420,-3220,+22490,+8252,-143,-3189,,,+17570,,+300
씨엠에스에듀,+5023,-5013,-81,-81,,,,,,,+90
씨유메디칼,+23433,-20427,,,,,,,,,
씨이랩,+465,-502,-53,-53,,,,,,,
씨젠,+150721,-122958,-23516,-5319,-15,-13160,,,-3561,-1461,-4247
씨케이에이치,-126988,+126973,,,,,,,,,
씨큐브,+1647,-1842,,,,,,,,,+195
씨티케이코스메틱스,+9313,-2016,-7298,-317,,-6672,,,,-309,-29
아나패스,-331,-149,-2147,-2352,,,,,,+205,+2727
아난티,+23928,-26258,+2147,+1745,,,,,+1305,-903,+121
아모그린텍,+9685,-10525,+3,,,+3,,,,,+822
아모텍,+476,-362,+118,+118,,,,,,,-187
아미노로직스,-7176,-5864,+24,+24,,,,,,,+15000
아미코젠,-5753,+544,+3091,+2478,-27,+20,,,+203,+417,+2402
아바코,+10004,-9966,-21,-21,,,,,,,-16
아바텍,+1769,-1871,,,,,,,,,
아비코전자,-23825,+19873,,,,,,,,,+4000
아세아텍,+41569,-41519,,,,,,,,,
아시아경제,-22053,-24474,-2023,-41,,-17,,,,-1965,+48824
아시아종묘,-7468,+6687,,,,,,,,,
아이디스,-842,-508,,,,,,,,,+1350
아이디스홀딩스,+34,-299,+30,+30,,,,,,,+229
아이디피,-1067,+1094,,,,,,,,,
아이센스,-159858,+79829,+75419,+3809,+15490,+10372,,+1094,+37116,+7538,+4412
아이스크림에듀,+5236,-4815,,,,,,,,,-1000
아이쓰리시스템,+657,-203,+4,+4,,,,,,,-458
아이씨디,-17241,+15949,+1279,+1268,,-183,,,,+194,+3
아이앤씨,+8264,-7867,,,,,,,,,-293
아이원스,-97902,+64164,+34422,-9272,-1,+15936,,,+26054,+1705,-664
아이즈비전,+24118,-21596,,,,,,,,,-2766
아이퀘스트,-3452,+3412,,,,,,,,,
아이텍,+56448,-28788,-1325,,,-1325,,,,,-26679
아이크래프트,+99653,-102055,,,,,,,,,+1164
아이티센,-8518,+8673,,,,,,,,,-600
아이티엠반도체,+6989,-6552,-636,+951,,,,,-1469,-118,+204
아주IB투자,+134722,-138802,,,,,,,,,+2701
아즈텍WB,+18432,-24044,,,,,,,,,+2100
아진산업,-22121,+24993,,,,,,,,,-296
아진엑스텍,-4489,+4489,,,,,,,,,
아톤,+690,-515,,,,,,,,,+165
아프리카TV,+63616,-47104,-17046,+317,+1004,+8913,,,-3868,-23412,+509
안국약품,-13960,+13955,,,,,,,,,
안랩,+6735,-8453,+805,+894,-3,,,,+10,-96,+835
안트로젠,+3826,+36608,-16848,-125,-938,-9003,,,+100,-6882,+1408
알로이스,-35396,+41626,,,,,,,,,-1000
알리코제약,-13378,+11438,+2000,+2000,,,,,,,-10
알서포트,+43601,-53229,-1455,+619,,+563,,,+370,-3007,+498
알에스오토메이션,+8442,-8642,,,,,,,,,
알에프텍,-65435,+64130,+224,+224,,,,,,,+1050
알엔투테크놀로지,+2145,-2689,+444,+147,,+297,,,,,
알테오젠,+27367,-22413,-6362,+156,,,,,-6297,-221,+1492
압타머사이언스,-1251,+1184,,,,,,,,,
압타바이오,+17347,-16251,-1506,+17,,,,,,-1523,+400
애니플러스,+89873,-13726,+24431,-1340,,+25714,,,+57,,-100017
액토즈소프트,-4750,+4351,+139,+139,,,,,,,+43
액트,-45272,+62125,,,,,,,,,-17266
액트로,+10214,-5593,-4823,-1500,,-1500,,,,-1823,+200
앤디포스,+239741,+237497,+13639,,,+13605,,,+34,,-498303
앱코,-45980,+34418,+9838,+2619,,+7219,,,,,+1853
앱클론,+1259,+6319,-7769,-864,-2554,-4627,,,,+276,-300
야스,-2031,+2643,,,,,,,,,-100
양지사,+62307,-48992,-13402,-139,,-13263,,,,,-150
어보브반도체,+75935,-74088,-1459,-13,,,,,,-1446,-146
얼라인드,-1704,+1504,,,,,,,,,
에너토크,+157590,-27854,-131884,,,-14261,,,,-117623,-1579
에스넷,+10650,-10770,-10,-10,,,,,,,
에스맥,-1650776,+1627604,+719,+719,,,,,,,+2775
에스씨디,-46580,+32457,+13177,+10749,,,,,,+2428,
에스씨엠생명과학,-2531,-5396,+7251,+40,,+158,,,+7053,,+500
에스앤에스텍,-20902,+10250,+10741,+7736,+234,,,,+3033,-262,+2
에스에너지,+4509,-6024,+815,+815,,,,,,,
에스에스알,-13106,+13342,,,,,,,,,
에스에이엠티,-40871,+22608,+17430,+795,,,,,,+16635,+71
에스에이티,-112197,+69739,,,,,,,,,+47952
에스에프에이,-61962,+40142,+21105,+1958,+6057,+455,,+2355,+10534,-254,+527
에스엠,+23255,-16088,-7094,+17289,-64,-2640,,,-2013,-19666,-226
에스엠코어,-31640,+21040,+12551,+482,,-789,,,+12858,,-1850
에스엔유,-7029,+9873,,,,,,,,,-2300
에스제이그룹,-16209,+953,+15255,+96,-253,+4926,,+4140,,+6346,
에스텍파마,-4045,-69,+4100,,,,,,,+4100,+241
에스텍,+199,-1395,+1185,,+390,,,+14,+781,,
에스티아이,+22465,+1057,-20044,+4,,-20048,,,,,-3500
에스티팜,-176121,+92833,+81289,+4655,+6190,+32038,,+200,+24814,+13392,+3065
에스폴리텍,+8695,-8715,,,,,,,,,
에스퓨얼셀,+1332,-2004,+672,+507,,+165,,,,,
에스피시스템스,+3423,-4616,,,,,,,,,+1193
에스피지,-16782,-79904,+96104,+80307,,+1130,,+3651,+11016,,+100
에이디테크놀로지,+3009,+3338,-3999,+2,,,,,,-4001,-577
에이비엘바이오,-5261,+17318,-11273,-226,+7143,-6029,+10617,,+14949,-37727,-777
에이스침대,+28,-19,-16,-16,,,,,,,
에이에프더블류,+12435,-11620,,,,,,,,,-990
에이치시티,-36620,+38036,-2000,,,,,,,-2000,+632
에이치엘사이언스,-1181,+1063,+8,+20,-1,,,,+20,-31,+100
에이치엠씨제4호스팩,-27,-3,+30,+30,,,,,,,
에이치엠씨제5호스팩,+1995,,-1995,+10,,-2000,,,,-5,
에이텍티앤,-32841,+32493,+155,,,+155,,,,,+147
에이텍,-20063,+18482,,,,,,,,,+1574
에이트원,-36886,+34466,,,,,,,,,+2500
에이팩트,+14713,-12943,,,,,,,,,-2000
에이프로젠 H&G,+4538,-2163,,,,,,,,,-2999
에이프로,-30907,+22157,+8988,-1,,+1847,,,,+7142,+796
에이피티씨,-20458,+20968,+133,,-176,,,-500,,+809,-1014
에코마케팅,+39289,-447,-40704,-1608,-18,-22581,,,-16288,-209,+1381
에코바이오,-5058,+5338,,,,,,,,,-290
에코캡,+10353,-9063,,,,,,,,,
에코프로,-163392,+77563,+83511,+1418,+1765,+12760,,,+56149,+11419,+2313
에코프로비엠,-70185,+15912,+54779,+7944,+1706,+9906,+82,+275,+6896,+27970,-586
에코플라스틱,+83819,+48432,-160767,,,,,,,-160767,+28506
에프앤가이드,-3846,+2868,,,,,,,,,+1000
에프에스티,-1890,+3531,+1328,+1328,,,,,,,-2724
에프엔씨엔터,-831,+331,,,,,,,,,+500
에프엔에스테크,-1216,-9758,+9999,+9999,,,,,,,+875
엑사이엔씨,-44710,+77577,-1741,-1741,,,,,,,-33920
엑셈,+50221,-48614,+1218,,,,,,,+1218,
엑시콘,-9698,+10510,-2844,-2844,,,,,,,+3382
엔바이오니아,+12371,-11937,,,,,,,,,-1050
엔브이에이치코리아,-2762,-13861,,,,,,,,,
엔비티,+54813,-1679,-45721,+3667,,-5303,,-42098,,-1987,-7284
엔시스,-3349,-294,-520,-420,,,,,,-100,+8
엔에스,-318,+148,+126,+126,,,,,,,
엔에이치스팩13호,+131405,-10132,-114644,-106703,,,,,,-7941,-6501
엔에이치스팩16호,-4597,+5475,-3328,,,,,,,-3328,+2000
엔에이치스팩17호,-40,,+40,,,,,,,+40,
엔에이치스팩18호,-13959,,+13959,,,,,,,+13959,
엔에프씨,+2537,-3464,,,,,,,,,
엔젠바이오,+9249,-2772,,,,,,,,,-6223
엔텔스,+3178,-3368,-5,-5,,,,,,,
엔피디,-8732,+7997,,,,,,,,,+735
엔피케이,+3667,-3622,-45,-13,,,,,,-32,
엘비세미콘,-20024,+30456,+37422,+12492,-627,+32265,,,-6271,-437,-47952
엘앤씨바이오,+4545,+2407,-8064,+355,-871,-4956,,,-2483,-109,+1102
엘앤에프,+445019,-371934,-86004,-10913,+345,-9234,,+14,-42171,-24045,+11805
엘엠에스,+115,-115,,,,,,,,,
엘오티베큠,-13093,+24374,-2789,+1,+1887,-5000,,,,+323,-8312
엘이티,-8481,+9191,+292,,,+292,,,,,-1000
엘티씨,+44701,-44532,,,,,,,,,-30
엠게임,+18580,-12724,+427,+427,,,,,,,-6234
엠벤처투자,-17089,+16981,,,,,,,,,
엠브레인,-1607,+1607,,,,,,,,,
엠씨넥스,-4066,+8221,-4209,+233,-498,,,,-1152,-2792,+14
엠아이텍,-11784,+11490,,,,,,,,,+250
엠에스씨,+22410,-23410,,,,,,,,,+1000
엠에스오토텍,-202275,-34097,+157566,+9367,+24925,+15271,,+2202,+19708,+86093,+72060
엠에프엠코리아,+74339,+20221,+1134,,,,,,,+1134,+4250
엠케이전자,-19711,+25091,-1,-1,,,,,,,+178
엠투아이,-6188,+4535,,,,,,,,,+500
엠투엔,+18805,-26882,+11114,,,+11114,,,,,-3280
엠플러스,-4370,+3255,-138,-138,,,,,,,+1020
연우,+4124,+1252,-5560,+442,,-1558,,,-4444,,+4
영림원소프트랩,-984,+1276,,,,,,,,,-513
영우디에스피,-827407,+433629,+412873,-63528,+123414,+354961,,,,-1974,-41815
영풍정밀,-1491,-28001,+36019,,,+16332,,+10111,+9576,,-6527
영화테크,-3078,+2981,,,,,,,,,+100
예선테크,-19201,-880,,,,,,,,,+20000
예스24,-23712,+16445,,,,,,,,,
오공,-17638,+14214,,,,,,,,,+3423
오디텍,-7816,+36969,,,,,,,,,-29509
오로라,+25240,-24571,,,,,,,,,-1229
오로스테크놀로지,+29145,-13865,-3254,+96,-590,+4455,,+5500,-7500,-5215,-12062
오르비텍,+179147,+36836,+2458,+3827,,-510,,,,-859,+14856
오리엔탈정공,+40086,-50619,,,,,,,,,
오리콤,+5251,-5331,,,,,,,,,
오상자이엘,-38003,+39129,,,,,,,,,-565
오성첨단소재,+5185,-3866,+7,+7,,,,,,,-2250
오션브릿지,-29630,+34891,+513,-737,,+651,,,,+599,-5748
오스코텍,-69618,+57272,+11828,-811,+19284,+5776,,-47000,+33148,+1431,+736
오스템임플란트,-8715,+10788,+288,-862,+5573,-379,,-46,-173,-3825,-2095
오스템,+20475,-20886,,,,,,,,,+110
오이솔루션,-2450,+2226,+135,+144,,-96,,,+100,-13,+102
오킨스전자,-20137,+20183,,,,,,,,,+1
오텍,+16540,-16682,+2,+2,,,,,,,
오파스넷,+4937,+2362,,,,,,,,,-6400
오픈베이스,-16363,+15864,,,,,,,,,+200
오하임아이엔티,-10506,+11903,-1397,,,,,,,-1397,
옴니시스템,+127643,-126893,,,,,,,,,
옵트론텍,+58996,-59935,-4040,+5,-191,,,,,-3854,+5299
옵티시스,-6065,+6068,,,,,,,,,+43
옵티팜,+1807,-1807,,,,,,,,,
와이더플래닛,-7842,+2738,+2400,,,,+2400,,,,+2310
와이솔,+16616,+6848,-23434,+243,-21,-105,,,-10130,-13421,
와이아이케이,-7508,+3334,+3498,+1817,,+1681,,,,,+1001
와이어블,+16971,-18391,-15,-15,,,,,,,
와이엔텍,+3694,+1567,-2186,-2500,-1913,+1629,,,+598,,+1198
와이엠씨,-23623,+5593,,,,,,,,,+18030
와이엠티,+15829,-13909,-2550,+120,-87,-2920,,,,+337,+594
와이제이엠게임즈,-27591,+30348,,,,,,,,,+1
와이즈버즈,+7629,-7647,,,,,,,,,
와이지엔터테인먼트,+44518,-27303,-16909,-1144,-12,+2154,,+1000,-18781,-126,-549
와이팜,-6019,+3499,+1956,+430,,+1526,,,,,+157
와토스코리아,-19294,+21409,,,,,,,,,-100
우노앤컴퍼니,-20358,+17249,,,,,,,,,+3109
우리넷,-1934,+1935,+68,+68,,,,,,,
우리바이오,+80158,-87362,,,,,,,,,+6506
우리산업홀딩스,-4313,+4093,,,,,,,,,
우리산업,+27705,-28349,+624,+579,,+45,,,,,
우리손에프앤지,+9208,-30908,+20528,-2,,,,,,+20530,+53
우리이앤엘,-40166,+38964,,,,,,,,,+900
우리조명,-71087,+72839,,,,,,,,,+766
우림기계,+21574,-24583,,,,,,,,,
우수AMS,+35238,-29998,,,,,,,,,-6000
우양,-6985,+6972,,,,,,,,,
우원개발,-46621,+47221,,,,,,,,,
우주일렉트로,+11258,-7204,+7539,+439,,+7000,,,,+100,-11419
원방테크,-4195,+3821,,,,,,,,,+459
원익IPS,-41730,+22846,+17821,+16,+3046,-3627,,+423,+18759,-796,+1300
원익QnC,-171654,+93493,+73344,+6770,+13878,+9145,+5050,-200,+20071,+18630,+5043
원익머트리얼즈,-6619,+9319,-2381,-1527,-35,-2960,,+2421,-170,-110,-247
원익피앤이,+771,-1132,+70,-155,-15,+240,,,,,
원익홀딩스,-174634,+45244,+109947,+4071,-212,+89197,,+14347,+2498,+46,+19920
원일특강,-9046,+7446,+1401,+1141,,,,,,+260,+332
원풍,+805,-863,,,,,,,,,+8
월덱스,-56913,-6295,+63022,,-240,+76348,,,+15067,-28153,+88
웰크론,-22242,+23503,,,,,,,,,
웰크론한텍,+25801,-21831,,,,,,,,,-3879
웹젠,-25305,+14565,+12449,+485,+6166,+3797,+1860,+320,+174,-353,-1711
웹케시,-2266,+5316,-4282,+242,-87,-2692,,,,-1745,+1129
위닉스,+9284,-9413,-36,-6,-3,,,,+100,-127,-13
위더스제약,-5385,+3885,,,,,,,,,+1500
위드텍,+8855,+272,-5867,,,,,-6062,,+195,-1980
위메이드,-426,-1190,+350,+603,-4,-33,,,-77,-139,+1270
위세아이텍,-103,+103,,,,,,,,,
위지윅스튜디오,-7645,+8043,+556,+155,,+401,,,,,-1719
윈스,-7924,+3812,+2505,+2182,,-150,,,,+473,+1408
윈텍,-10163,+10263,,,,,,,,,
윈팩,-126773,+122630,,,,,,,,,+1500
윈하이텍,+13722,-14259,,,,,,,,,
윌링스,+506,-506,,,,,,,,,
유니셈,+63919,-11204,-51166,+10217,+22556,+24464,,,-7415,-100988,-1619
유니온커뮤니티,+14634,-15827,,,,,,,,,+1055
유니테스트,-34931,+37085,-2240,+2741,-6,+19175,,,-5000,-19150,+103
유니크,-7872,-2651,,,,,,,,,+11022
유니테크노,+412,+2588,,,,,,,,,-3000
유니트론텍,-12131,+12030,,,,,,,,,+50
유라테크,-4186,+4185,,,,,,,,,
유바이오로직스,-10418,+840,+8243,+7,+222,+513,,,+4448,+3053,+839
유비벨록스,-2149,+1921,,,,,,,,,+250
유비케어,-950,-1169,+228,+38,-11,,,,,+201,
유비쿼스홀딩스,-610,+1072,-512,-492,-4,,,,+90,-106,
유비쿼스,-1210,+954,+110,-14,,,,,,+124,+12
유성티엔에스,+109466,-101913,,,,,,,,,-12749
유아이엘,+39723,-39312,-271,,,-271,,,,,-114
유안타제5호스팩,+81,,-81,-81,,,,,,,
유안타제7호스팩,,,,,,,,,,,
유안타제8호스팩,-16353,,,,,,,,,,+16353
유에스티,+39988,-40787,,,,,,,,,
유일에너테크,+16061,-365,-10040,-10040,,,,,,,-5900
유진기업,+69847,-34198,-824,-393,,,,,+570,-1001,-37000
유진스팩4호,+3842,+278,-4120,-4120,,,,,,,
유진스팩6호,-3339,,+3339,+3339,,,,,,,
유진테크,+47224,-20104,-27506,+376,-9,+3479,+797,,+3070,-35219,+351
유티아이,-4094,+3849,+245,+245,,,,,,,
율호,-107413,+107619,,,,,,,,,
이건홀딩스,+2783,+1343,,,,,,,,,+1172
이그잭스,-41471,+41271,,,,,,,,,
이글루시큐리티,-7971,+7424,+554,-1000,,,,,,+1554,
이글벳,-29527,+29527,,,,,,,,,
이노메트리,-15066,+15516,-192,-192,,,,,,,
이노와이어리스,-28,+3429,-3544,+63,,-1880,,,,-1727,+100
이녹스첨단소재,+4088,-29700,+24842,+1845,+896,+1601,,,+17233,+3267,+814
이니텍,-4676,+5498,,,,,,,,,
이라이콤,-5526,+5767,-364,,-364,,,,,,
이랜시스,-21499,+20732,,,,,,,,,
이랜텍,-164575,+122561,+81,,+73,+8,,,,,+42536
이루다,-1561,-347,-95,,,-95,,,,,+2000
이루온,+98406,-98449,,,,,,,,,+238
이베스트스팩5호,,,,,,,,,,,
이삭엔지니어링,-21827,-873,-3329,-2000,,,,,,-1329,+19725
이상네트웍스,+5909,-5909,,,,,,,,,
이스트소프트,-6413,-588,,,,,,,,,+7000
이씨에스,-27396,+31043,,,,,,,,,-3745
이엔드디,+6639,-4747,+429,+2174,,+1604,-2645,,,-704,-2868
이엔에프테크놀로지,+75638,-31725,-44143,-599,-647,-19140,,,+61,-23818,+451
이엔코퍼레이션,-6249,+7460,-1216,-1216,,,,,,,
이엘피,-1957,+2123,,,,,,,,,-299
이엠넷,+211,-211,,,,,,,,,
이엠텍,+87434,-92028,+3742,-3723,,-3208,,,+39013,-28340,+199
이오테크닉스,-12852,+105,+12649,+865,+10403,+1060,,,-35,+356,+350
이오플로우,+23157,-10895,-11482,+64,-6169,-4175,,,-1231,+29,-90
이원컴포텍,-6955,+6955,,,,,,,,,
이지바이오,+102495,-107266,+8411,-1,+4952,+3460,,,,,+997
이지케어텍,-3966,+7066,,,,,,,,,-3100
이지홀딩스,+26711,-32784,-134,-6,-21,,,,+510,-617,+3907
이크레더블,+3117,-1353,-16,-16,,,,,,,-848
이퓨쳐,-30134,+27795,+1537,+1262,,,,,,+275,
이화공영,-1055,+957,+791,,,,,,,+791,-643
인바디,-6734,+6233,-281,-1681,,+1400,,,,,+10
인베니아,+17145,-11565,,,,,,,,,
인산가,-4223,+1534,+1428,,,,,,,+1428,+822
인선이엔티,-12132,-3242,+16706,-9,+4520,+5921,,+345,+1768,+4161,-85
인지디스플레,+25449,-19358,-6091,-4993,,,,,,-1098,
인크로스,-4673,+4429,+244,+226,+33,-15,,,,,
인탑스,-36711,+43632,+25358,+4318,+2116,+16557,,,+677,+1690,-32008
인터로조,-1264,+2288,-1107,-1281,-3,,,,,+177,+35
인터파크,+455648,-13220,-448758,+87878,,-302252,,,-159904,-74480,+3000
인텍플러스,-38758,+13812,+24491,+3,,+24217,,,,+271,+60
인텔리안테크,+10125,-11896,+1079,-2612,-3017,+6855,,+309,-1655,+1199,+716
인트론바이오,-16463,+13999,+3177,+75,-12,,,,+3321,-207,-239
인피니트헬스케어,-17749,+12817,+300,,,,,,,+300,
인화정공,-33796,+28026,,,,,,,,,+6158
일신바이오,+47194,-44178,-700,-700,,,,,,,-1965
일지테크,-2311,+3794,,,,,,,,,
일진파워,+49094,-49430,,,,,,,,,-122
자비스,-6498,+6498,,,,,,,,,
자안코스메틱,-70570,+61224,,,,,,,,,+9900
자연과환경,-92748,+92351,-3,-3,,,,,,,
자이글,+1705,-1814,,,,,,,,,
자이언트스텝,-3784,+2665,+600,+600,,,,,,,+50
재영솔루텍,-162558,+162595,,,,,,,,,-37
정산애강,-22869,-6698,,,,,,,,,-820
정상제이엘에스,-4722,+4192,,,,,,,,,+30
정원엔시스,-6638,+8638,,,,,,,,,-2000
제너셈,+14284,-13887,,,,,,,,,
제넥신,-163895,+88526,+69590,+7177,+1200,+15552,,,-2056,+47717,+6247
제노레이,-42719,+48300,-1,-1,,,,,,,-6114
제노코,-642,-753,+1214,-36,,,,,,+1250,+150
제놀루션,-15633,+12180,-200,-200,,,,,,,+4565
제로투세븐,-2965,+187804,-185356,-211128,,+3470,,,,+22302,+780
제룡산업,-8408,+8057,,,,,,,,,+55
제룡전기,-40508,+40409,,,,,,,,,
제우스,+32179,-13514,-16473,+943,,-4711,,,,-12705,-941
제이브이엠,+7263,-3898,-3940,-2920,,-2410,,,+10000,-8610,+392
제이스텍,+927,-927,,,,,,,,,
제이씨케미칼,+228379,-240824,+17294,+432,,+16862,,,,,+2178
제이씨현시스템,+31369,-24330,-8247,,,,,,,-8247,+621
제이앤티씨,-18892,+18555,+126,+168,,,,,+210,-252,+1976
제이엔케이히터,+2187,-599,-1588,-1588,,,,,,,
제이엘케이,+7480,+8825,-19198,-1,,,,,,-19197,+2893
제이엠티,+42079,-42178,,,,,,,,,+99
제이티,+9018,-10675,,,,,,,,,+1950
제일바이오,-93434,+84053,-50,-50,,,,,,,+2680
제일전기공업,+498,-368,,,,,,,,,-76
제일제강,+94705,-126399,,,,,,,,,+29124
제일테크노스,-21400,+20954,+446,,,+446,,,,,
제주반도체,-123471,+121863,,,,,,,,,-750
젠큐릭스,-8789,+9951,-870,,,-870,,,,,+36
젬백스링크,-42621,+40310,,,,,,,,,
조광ILI,-10493,+9754,,,,,,,,,+1000
조아제약,-10612,+11188,,,,,,,,,
조이시티,+23083,-48562,+27992,+4710,,+25870,,,,-2588,-2343
주성엔지니어링,-122186,+109473,+21675,+2354,-13,+6576,,,+60874,-48116,-9053
줌인터넷,+36101,-34841,,,,,,,,,-120
중앙백신,-320,+544,,,,,,,,,-254
중앙에너비스,+775,-1380,,,,,,,,,+774
지노믹트리,-651,+4158,+133,+10,,,,,,+123,-3787
지놈앤컴퍼니,-397,-2172,+2558,,+853,,,,+1732,-27,+41
지니뮤직,-78467,+78286,+231,+102,+129,,,,,,
지니언스,-3429,+3451,,,,,,,,,
지니틱스,-31509,+26887,,,,,,,,,+10999
지란지교시큐리티,-531,-20,,,,,,,,,+1059
지어소프트,+19316,-5011,-6116,+3000,-22,+104,,,-4407,-4791,-8199
지에스이,+11307,-11307,,,,,,,,,
지엔씨에너지,+100844,-627,-100508,+726,,,,,-101234,,+180
지엔원에너지,+48212,-46465,+1253,+1253,,,,,,,-3000
진로발효,+30,-20,-10,-10,,,,,,,
진매트릭스,-4553,+4532,-6,-6,,,,,,,+161
진성티이씨,-93603,-5930,+102122,+814,-371,+116669,,-299,-6332,-8359,-2928
진양제약,-9046,+8825,,,,,,,,,
차바이오텍,+8586,-10417,-31,+386,-17,,,,-116,-284,+10
참좋은여행,-3502,+3268,-27,,-15,-12,,,,,+50
창해에탄올,-10052,+10465,-133,-133,,,,,,,-316
천보,-31774,+1634,+29553,-24,+324,+2608,,,+12454,+14191,+573
청담러닝,-157277,+79469,+58218,-2043,,+34126,,+4587,+22102,-554,+20079
청보산업,-10206,+5812,,,,,,,,,+753
칩스앤미디어,-19832,+13380,+20,+20,,,,,,,+6784
카스,+181154,-180724,,,,,,,,,+1000
카카오게임즈,-171102,+153270,+18916,+11461,,,,,+9489,-2034,-909
카페24,-638,+2139,-1776,+533,,+158,,,+180,-2647,+132
캠시스,+23804,+18950,-43165,-43165,,,,,,,
컴투스,+15221,-18665,+2142,+4,+1934,-313,,-161,-102,+780,+1307
컴퍼니케이,-25118,+27426,-2244,,,,,,,-2244,-100
케어랩스,+47361,-12004,-30572,,,,,,-28974,-1598,-5361
케어젠,-517,+231,-14,+296,-1,-200,,,-86,-23,+301
케이비17호스팩,-281,+241,+40,+40,,,,,,,
케이비제18호스팩,+77,-97,+20,+20,,,,,,,
케이비제20호스팩,-10008,,+10008,+10008,,,,,,,
케이사인,+38963,-50668,,,,,,,,,+9000
케이씨에스,+16177,-14939,-817,-817,,,,,,,-250
케이씨티,+11479,-11129,,,,,,,,,
케이아이엔엑스,+1360,-3643,+2002,+2050,,-48,,,,,+11
케이엔더블유,-2092,+2092,,,,,,,,,
케이엠,-28089,+25055,,,,,,,,,+2350
케이엘넷,+39533,-38833,,,,,,,,,
케이엠더블유,-5365,+5883,+322,+859,,,,,-127,-410,-898
케이엠제약,-38251,+41309,,,,,,,,,-3273
케이피에스,-2416,+4066,,,,,,,,,-1923
케이피에프,-14964,+14580,+384,+384,,,,,,,
케이프,-261,+18240,-4407,-3627,,,,,,-780,-17150
켄코아에어로스페이스,+25813,-12149,-16553,-14700,,,,,,-1853,+2095
켐온,-112197,+110788,,,,,,,,,+171
켐트로닉스,-9338,+7854,+2,+2,,,,,,,+1750
켐트로스,+142659,-159748,+916,+262,,,,,,+654,+14300
코데즈컴바인,-6560,+11906,,,,,,,,,-5950
코리아나,-14162,+14939,-376,-376,,,,,,,-401
코리아센터,+63260,-32041,-12056,+505,,+617,,,+340,-13518,-19178
코리아에프티,+123529,-143880,+6879,+5659,,,,,,+1220,+11419
코맥스,+15661,-14858,-55,-55,,,,,,,-264
코메론,+2885,-2081,,,,,,,,,-804
코미코,+18473,-19653,+613,+568,-8,-2093,,,-1192,+3338,+501
코미팜,-161467,+143643,+18152,+396,-18,,,,-232,+18006,+629
코세스,+8548,-10035,,,,,,,,,+3000
코스메카코리아,-6312,+5397,+771,+873,,-102,,,,,
코아스템,-7169,+7168,+1,+1,,,,,,,
코아시아,-1483,+7374,-5394,+524,-483,-5435,,,,,+2
코엔텍,+9598,-16807,-5214,+1295,,+10,,,-6190,-329,+12755
코웰패션,-56595,+59963,-4904,-7141,-11,+2321,,,+340,-413,+1340
코위버,+3005,-2470,+73,+73,,,,,,,-200
코윈테크,-10517,+7363,+2359,+391,,,,+1968,,,+1200
코콤,-14490,+14540,,,,,,,,,
코텍,+8814,-7779,-610,-79,,,,,-531,,-406
코퍼스코리아,-17342,+5511,+11906,,,+11209,,,,+697,
코프라,+60951,-60951,,,,,,,,,+200
콜마비앤에이치,-10910,-11457,+23197,+2167,+14,+22068,,,-1314,+262,-749
퀀타매트릭스,-5042,+9276,-3600,-3600,,,,,,,
큐렉소,+28147,-17888,-2711,,,,,,,-2711,-7883
큐브엔터,-11354,-18645,+25000,+25000,,,,,,,+5000
큐에스아이,+5070,-5070,,,,,,,,,
큐캐피탈,+12934,-6050,,,,,,,,,-1663
크리스에프앤씨,+3515,-4075,+902,+749,,,,,,+153,+58
크리스탈신소재,+993961,-986067,,,,,,,,,-28000
크리스탈지노믹스,-28404,+29391,-3108,-99,,,,,-2551,-458,+2001
크린앤사이언스,-2364,+2157,+200,+200,,,,,,,
클라우드에어,+34084,-24902,,,,,,,,,+5000
클래시스,+61058,-27233,-34598,+2865,-7811,-19932,,-2694,-1387,-5639,+555
클리노믹스,-21382,+18269,,,,,,,,,+3062
클리오,-21016,-1,+20726,-1097,-2,-9281,,+1115,+30070,-79,+40
키이스트,+3434,+4054,-9480,+12757,,-6798,,,-15439,,+2000
타이거일렉,-19073,+19011,,,,,,,,,+81
탑엔지니어링,-11883,+11884,+2,+2,,,,,,,-3
태광,+1013,-3044,+1237,+5,+1842,+1020,-339,,-33,-1258,+400
태웅로직스,-97304,+29857,+19258,+7300,,+11958,,,,,+50716
테고사이언스,-5581,+5529,,,,,,,,,+21
테라젠이텍스,-13799,+13519,+237,+21,-12,,,,,+228,+32
테스나,-17991,+1482,+16047,+1191,+617,+12817,,,-1603,+3025,+265
테스,-12453,-5116,+19753,+2404,+1675,+8273,,,+6378,+1023,-2152
테크윙,+25067,-12497,-13777,-657,+15184,-3987,,+701,+26362,-51380,+5454
텔레칩스,+1008,-766,,,,,,,,,+173
텔레필드,-32958,+32586,,,,,,,,,
토박스코리아,-360913,+298942,-20600,,,,,,,-20600,+80000
토비스,-10125,+19,-20,-20,,,,,,,+10052
톱텍,-4805,+2417,+2358,+2414,-7,+10,,,+270,-329,
트루윈,+57705,-21632,,,,,,,,,+1219
특수건설,+27757,-28147,,,,,,,,,+500
티라유텍,-5221,+5002,+222,,,,,,,+222,
티로보틱스,-14501,+14502,,,,,,,,,
티비씨,+2762,,,,,,,,,,-900
티사이언티픽,-59271,+55129,-2462,-2462,,,,,,,+5500
티씨케이,+2596,-2317,-193,+105,-636,-503,,,+780,+61,-77
티앤엘,-43567,+21319,+14672,-1000,+3461,+8060,,+305,+2727,+1119,+7764
티에스아이,+10741,-10729,+11,+11,,,,,,,
티에스이,+16155,+6655,-2605,+165,-233,-22,,-3989,+1474,,-20001
티엘비,-1739,+1931,,,,,,,,,-100
티움바이오,+51232,-7349,-45079,-508,,-5855,,,,-38716,+1256
티케이케미칼,-122292,+285930,-130191,,-2066,-277363,,,,+149238,-37995
티플랙스,+171896,-167280,,,,,,,,,-6516
팅크웨어,+44611,-31462,-12230,-11922,,-308,,,,,-774
파라다이스,-104196,-7926,-77189,-23521,+10608,-26358,+6336,-2233,-7286,-34735,+192298
파마리서치,-10848,+9060,-1249,+429,-23,-2058,,,+70,+333,+3313
파멥신,+43793,-44832,+19,+19,,,,,,,+500
파버나인,+29934,-29994,,,,,,,,,
파세코,+24290,-24304,,,,,,,,,
파워로직스,+3192,-3120,+81,+81,,,,,,,
파이오링크,+28943,-4656,-24842,,,-24842,,,,,+40
파인디지털,+5293,-8096,,,,,,,,,+2792
파인테크닉스,-1147428,+700066,+398077,+80542,+72152,+101254,,+5932,+139806,-1609,+54550
파인텍,-21731,+18107,,,,,,,,,+70
파커스,-1717,+1717,,,,,,,,,
파크시스템스,-9955,+4206,+5759,-491,-67,+5604,,,+970,-257,-21
파트론,-79475,+57778,+21765,+22007,-41,-94,,,+520,-627,-2
팜스빌,-792,+792,,,,,,,,,
팜스토리,+11809,+8913,,,,,,,,,
패션플랫폼,-8949,+6687,-2780,-2313,,,,,,-467,+5040
팬스타엔터프라이즈,-11592,+10332,,,,,,,,,+4
팬엔터테인먼트,+81909,-37313,-56754,-1000,-55664,-90,,,,,+14029
펄어비스,+6332,-18851,+10822,+2054,+166,+1247,,,+8474,-1119,+2063
펌텍코리아,-46246,+8510,+37600,,+23240,+11075,,,+3285,,-214
포메탈,+52318,-52407,,,,,,,,,+81
포스코 ICT,-66226,+49857,+10159,+12085,-24,+26,,,-1121,-807,+7606
포스코엠텍,-121847,+120363,+9398,+2774,,+6624,,,,,-5224
포시에스,+4764,-4777,,,,,,,,,+13
포인트엔지니어링,-19354,+15847,,,,,,,,,+3502
푸드나무,+2970,-1245,-1725,,,-2000,,,,+275,
푸드웰,+10222,-10182,,,,,,,,,
푸른기술,+56944,-60493,+5306,,,,,,,+5306,-1848
풍강,-18319,+18488,-519,-439,,,,,,-80,
풍국주정,-451,+109,+290,+288,,+2,,,,,
퓨쳐스트림네트웍스,-50570,-161604,,,,,,,,,+203347
프럼파스트,+4093,-4043,,,,,,,,,
프레스티지바이오로직스,-4292,-28996,+45127,-210,,+22636,,,,+22701,-8474
프로텍,+8064,-11472,-10,-10,,,,,,,+3100
프리시젼바이오,+7955,-9049,,,,,,,,,+10590
플랜티넷,+10504,-10504,,,,,,,,,
플레이디,-2620,+2955,,,,,,,,,
플레이위드,+11611,-11836,,,,,,,,,
플리토,+14631,-8895,-4651,,,+5000,,,,-9651,-1135
피델릭스,+34346,-32946,,,,,,,,,
피씨디렉트,-1011,+553,,,,,,,,,+418
피앤씨테크,+9637,-9637,,,,,,,,,
피에스케이홀딩스,+61690,+33685,-61853,-1,,-6695,,,,-55157,-33719
피에스케이,-23928,+913,+22103,+2280,+3381,+17776,,,-43,-1291,+907
피에스텍,-11846,+11846,,,,,,,,,
피에이치에이,-50116,-2371,+52551,+3365,-8,,,,+50948,-1754,
피엔에이치테크,+27550,-6315,-31920,+63,,-5528,-6740,,,-19715,+10685
피엔케이피부임상연구센타,-44106,+25065,+12709,-4756,+10000,+2415,+5050,,,,+6853
피엔티,+51522,-54746,+3332,+3378,,,,,+240,-286,+877
피제이메탈,-22437,+21579,,,,,,,,,+860
피제이전자,-1001,+1001,,,,,,,,,
피플바이오,-6203,+5594,-1,-1,,,,,,,+610
피피아이,-4778,+4105,+81,+81,,,,,,,+537
핌스,+15298,+7197,-502,,,,,,,-502,-22493
핑거,+1312,+2676,-4158,-2374,,-2044,,,,+260,+100
하나금융14호스팩,-115,,+115,+115,,,,,,,
하나금융15호스팩,,,,,,,,,,,
하나금융16호스팩,-5550,,+5550,+5550,,,,,,,
하나금융17호스팩,-5000,,,,,,,,,,+5000
하나마이크론,-811903,+421276,+384256,+19064,+29591,+148860,,,+192476,-5735,+12165
하나머스트7호스팩,,,,,,,,,,,
하나머스트제6호스팩,,,,,,,,,,,
하나머티리얼즈,+20370,-8087,-10886,-2992,-10,-5672,,,-378,-1834,-2251
하림지주,+70923,+2069,-74452,-78831,+2445,+3100,,,-662,-504,+1320
하이로닉,-1854,+2268,,,,,,,,,-600
하이록코리아,-315,+1747,-1296,-829,,-137,,,-330,,+83
하이비젼시스템,-10394,+10163,-277,+129,,+378,,,,-784,+980
하이제5호스팩,,,,,,,,,,,
하이즈항공,+2675,-2675,,,,,,,,,
하이텍팜,-2921,+3112,,,,,,,,,-191
하츠,-25175,+24762,-737,,,-143,,,,-594,+635
한국9호스팩,-1,,,,,,,,,,
한국가구,-18044,-4576,+25000,+25000,,,,,,,-2900
한국경제TV,-27939,+26395,-14,-14,,,,,,,+1558
한국맥널티,+8749,-8312,,,,,,,,,+33
한국바이오젠,-24480,+24518,,,,,,,,,+21
한국비엔씨,-6768,+31156,-65310,-30,,-65280,,,,,+46933
한국선재,-64824,+64083,,,,,,,,,
한국알콜,+47195,-47035,+1,+1,,,,,,,-161
한국유니온제약,+58012,-46748,,,,,,,,,+224
한국전자금융,+13504,-7269,-6865,-6865,,,,,,,+62
한국전자인증,+6666,-33958,+42545,,,,,,,+42545,-1431
한국정보인증,+14846,-10894,-4542,-27,,,,,,-4515,
한국정보통신,-1035,+1037,-2,,-2,,,,,,
한국캐피탈,+45174,+6305,-22232,-22232,,,,,,,-33519
한국컴퓨터,+152950,-158887,,,,,,,,,+5103
한국큐빅,-10497,+10363,,,,,,,,,-219
한국팩키지,+101609,-101432,,,,,,,,,+850
한글과컴퓨터,-45934,+47735,-1062,-1174,+112,,,,,,-1480
한네트,-4247,+8322,,,,,,,,,-4000
한독크린텍,-1893,+1515,+418,+236,-77,,,,,+259,+141
한라IMS,+397,-79,-318,-318,,,,,,,
한빛소프트,+12501,-2164,-10454,-14,,,-10440,,,,+100
한솔인티큐브,-5897,+1828,+4069,+3336,,,,,,+733,
한송네오텍,+8060,-11064,,,,,,,,,+3003
한양이엔지,-12285,+15138,-1965,-1560,,-123,,,,-282,-763
한일네트웍스,-7595,+6072,,,,,,,,,+86
한일단조,+35882,-34821,,,,,,,,,
한일화학,-2282,+1992,+219,,,+219,,,,,+16
한창산업,-11945,+10634,+1311,+1046,,,,,,+265,
한컴MDS,-6598,+6183,,,,,,,,,
한컴위드,-37937,+48867,-2220,-2220,,,,,,,+3358
해성산업,+1652,-531,-1388,-1145,,,,,,-243,+235
해성티피씨,-6386,-1850,-1325,-1290,,,,,,-35,+8694
현대공업,+16115,-15978,,,,,,,,,
현대무벡스,-4602,+8531,,,,,,,,,-3372
현대바이오랜드,-7558,+7973,-219,-192,-4,,,,+140,-163,-10
현대사료,+46,-46,,,,,,,,,
현대에버다임,-1136,+1136,,,,,,,,,
현대에이치티,-3577,+3480,,,,,,,,,+47
현대이지웰,+10300,-12505,+2104,+2104,,,,,,,+1
현우산업,+33920,-39011,,,,,,,,,+5292
홈센타홀딩스,+18999,-19322,,,,,,,,,+314
화성밸브,-11918,+11643,,,,,,,,,
화신정공,-9265,+10160,,,,,,,,,
화일약품,-47136,+57960,-22,-22,,,,,,,-9500
효성오앤비,+7372,-6873,,,,,,,,,
휴네시온,+36636,-37146,,,,,,,,,+510
휴메딕스,-11384,+8253,+498,+498,,,,,,,+2239
휴비츠,-3789,+3789,,,,,,,,,
휴온스,+3926,-2194,-2441,-1869,-3,,,,-522,-47,+1249
휴젤,-5645,-3,+5436,+49,+181,+2484,,,+2767,-45,+217
흥국에프엔비,+6675,-6108,,,,,,,,,-29
흥국,-413,+362,,,,,,,,,
흥구석유,-15827,+15867,-10,-10,,,,,,,
희림,+31585,-30024,-13190,-5000,,,,,,-8190,+40982
힘스,-10879,+13998,,,,,,,,,-2854
GRT,,,,,,,,,,,
에스앤씨엔진그룹,,,,,,,,,,,
코오롱티슈진,,,,,,,,,,,
